run_id,region,seed,arm,status,primary_step,checkpoint_set,canonical_archive_sha256,generation,execution_seed,config_sha256,receipt_sha256,selection_sha256,selected_step,successful_updates,skipped_updates,skip_percent,wall_seconds_20k,sessions,resumed_at,environment_identity,decoder_initial_sha256,encoder_initial_sha256,train_macro_f1_20k,inner_macro_f1_20k,train_inner_gap_20k
dominicamaria/seed17/pretrained,dominicamaria,17,pretrained,COMPLETE,20000,"[5000,10000,15000,20000]",b481016422afe8423f04002374a2565ef303721c0d16683c5913cd01f56f95cc,6,,f137168c1dc720caba78a2fb4395842154900c0aac201c17d815e9c9421ace24,45cff84391ecf93fdd890de696d389f3b0585e3aaf3419454eb7545a3adc5a87,ca7338a2e142cf12b754c31782c35b6698b5a5ff8e903750a24057dae3935376,15000,19994,6,0.03,13828.35923075676,1,[0],"{""torch"":""2.10.0+cu128"",""torchvision"":""0.25.0+cu128"",""numpy"":""2.0.2"",""cuda"":""12.8"",""cudnn"":91002,""gpu"":""Tesla T4""}",8fb738742f5d9fdb7bf25b0bc3f1441f9913cccc49393669d3f4e44b05092763,5509907740bd5f8d2b4169ed9f0dbe2c2f4cd973ac0e6e65f6aa9f4f843a1101,0.8400594678770026,0.4660482222587502,0.3740112456182524
dominicamaria/seed17/scratch,dominicamaria,17,scratch,COMPLETE,20000,"[5000,10000,15000,20000]",b481016422afe8423f04002374a2565ef303721c0d16683c5913cd01f56f95cc,6,,e184c4cefc76f6a6d5096307e7338ba3c75444c6da37aea4f9237e472eff63e6,6ca9a27480a59f6c2b2fe01550b156fffb0fc37eb46af661ee7a815af243da52,ad4dade0e1cc881d95798ce3cb31b1e284740f112c8882b3d86d1746e4a3d977,15000,19995,5,0.025,14459.346957445145,1,[0],"{""torch"":""2.10.0+cu128"",""torchvision"":""0.25.0+cu128"",""numpy"":""2.0.2"",""cuda"":""12.8"",""cudnn"":91002,""gpu"":""Tesla T4""}",8fb738742f5d9fdb7bf25b0bc3f1441f9913cccc49393669d3f4e44b05092763,4318d60313bda4a1916ed2aff49736fec1e04909ba7b3b7527b8d1313557bf7d,0.7783992025139725,0.453108383178408,0.32529081933556453
dominicamaria/seed29/pretrained,dominicamaria,29,pretrained,COMPLETE,20000,"[5000,10000,15000,20000]",b481016422afe8423f04002374a2565ef303721c0d16683c5913cd01f56f95cc,6,,f9da6897c3011cb76a436da30098f48939f84d253cc598eb37e40d50b0b73ee8,2b6fa68ffe70bad9c8205e5374dbfda7aeba0c5c89e33cc6cedd34778969fe0e,1e6f43b9c254ffdd077b93e7bef0c56a04f9d78fa58a3398a189be595b105856,20000,19993,7,0.035,14007.161001443863,1,[0],"{""torch"":""2.10.0+cu128"",""torchvision"":""0.25.0+cu128"",""numpy"":""2.0.2"",""cuda"":""12.8"",""cudnn"":91002,""gpu"":""Tesla T4""}",2f037589fff19c4fe25ba82079b7f5d563b637464e60d80e4b1f5a422587e690,5509907740bd5f8d2b4169ed9f0dbe2c2f4cd973ac0e6e65f6aa9f4f843a1101,0.842347137848789,0.4500974741377347,0.3922496637110543
dominicamaria/seed29/scratch,dominicamaria,29,scratch,COMPLETE,20000,"[5000,10000,15000,20000]",b481016422afe8423f04002374a2565ef303721c0d16683c5913cd01f56f95cc,6,,5f82c38dd743843b2c44644d4267d0048c47fb5e4b08270444a47eb87651d00f,418bad3208b37b93173fe05a867c0dca32d95077e220573b80d08563f5f02f98,fcdd7dba0707257e09ba6a2cc2c4988e1f5044d5604a12836f162f99a30594ed,20000,19993,7,0.035,13754.01224064827,1,[0],"{""torch"":""2.10.0+cu128"",""torchvision"":""0.25.0+cu128"",""numpy"":""2.0.2"",""cuda"":""12.8"",""cudnn"":91002,""gpu"":""Tesla T4""}",2f037589fff19c4fe25ba82079b7f5d563b637464e60d80e4b1f5a422587e690,ee6875fc621101bcc9bfa23af03ed57d41549af2f8d647839123e8bd6a7cdf47,0.7805690273090896,0.43654642980624914,0.3440225975028405
dominicamaria/seed43/pretrained,dominicamaria,43,pretrained,COMPLETE,20000,"[5000,10000,15000,20000]",b481016422afe8423f04002374a2565ef303721c0d16683c5913cd01f56f95cc,6,,dd2f666d4eee939b8820907c15528ad314a37a1bc6d4df766c07abedcc36e219,0f32cd121f370d9010254d750a9a616cef5e6ab4a09efcbe4fbc4e6894a8a5c2,0751fd37af415759e57ab4572b8788adfca9b557d0c8b123cb669cf6f24093be,10000,19994,6,0.03,14870.389200925827,1,[0],"{""torch"":""2.10.0+cu128"",""torchvision"":""0.25.0+cu128"",""numpy"":""2.0.2"",""cuda"":""12.8"",""cudnn"":91002,""gpu"":""Tesla T4""}",dff6fc1babd29fef00828d15496bc6dbd604395778fe934c09dd6c06de16444a,5509907740bd5f8d2b4169ed9f0dbe2c2f4cd973ac0e6e65f6aa9f4f843a1101,0.8384046218724939,0.45144614378175485,0.386958478090739
dominicamaria/seed43/scratch,dominicamaria,43,scratch,COMPLETE,20000,"[5000,10000,15000,20000]",b481016422afe8423f04002374a2565ef303721c0d16683c5913cd01f56f95cc,6,,00fd2dd933755f0a3b8c580995775d8c06420048bcc91ca13367756d61676d46,eda020cdd04dd0b1f32f7c03fbfd6b58e5ba418fe7984e07541036f5ad45e345,bdb901e94bf59f52cdb970b5ae2b6794839ac1d0f725894e34d4cd0cb3623244,10000,19994,6,0.03,15083.971333026886,1,[0],"{""torch"":""2.10.0+cu128"",""torchvision"":""0.25.0+cu128"",""numpy"":""2.0.2"",""cuda"":""12.8"",""cudnn"":91002,""gpu"":""Tesla T4""}",dff6fc1babd29fef00828d15496bc6dbd604395778fe934c09dd6c06de16444a,4bc63393ad8132e893827f14bddbb1b4ef0ca1f9eb2b1c496bdcc6aeb2c9c1a1,0.7821651790125105,0.40972220035293666,0.3724429786595738
hiroshima/seed17/pretrained,hiroshima,17,pretrained,COMPLETE,20000,"[5000,10000,15000,20000]",cc1011d2a718914cd9161166c98f2d5d3655d649b9a153ce38541eb291ca2e02,6,,226d96b3b1b14badd54901f93070fea056634d1a75290c31283a4de68d980d15,ee05d13a7cbcd7555435fcfe99795bcae6ddfc9fbca952f238f81dcd7ca2339e,cdbfb77b6236733f99e904213372ab17b47144d92ed17d1215c6b63db253c045,10000,19992,8,0.04,14522.224001407623,1,[0],"{""torch"":""2.10.0+cu128"",""torchvision"":""0.25.0+cu128"",""numpy"":""2.0.2"",""cuda"":""12.8"",""cudnn"":91002,""gpu"":""Tesla T4""}",8fb738742f5d9fdb7bf25b0bc3f1441f9913cccc49393669d3f4e44b05092763,5509907740bd5f8d2b4169ed9f0dbe2c2f4cd973ac0e6e65f6aa9f4f843a1101,0.7870618932815696,0.35022151768751303,0.4368403755940566
hiroshima/seed17/scratch,hiroshima,17,scratch,COMPLETE,20000,"[5000,10000,15000,20000]",cc1011d2a718914cd9161166c98f2d5d3655d649b9a153ce38541eb291ca2e02,6,,9258f27b14a46819b79ced291710127535bf7e0bbb525926c752da0f8eed4b55,38cbfd47c8d18422b10a263536c963da2452e80c17af40b644ee55b95c9b6aa5,fa955bf8cc02c3a78daacbf3f137106d073681477447a25d23dc1eb36c8be2d3,10000,19993,7,0.035,14147.875675678253,1,[0],"{""torch"":""2.10.0+cu128"",""torchvision"":""0.25.0+cu128"",""numpy"":""2.0.2"",""cuda"":""12.8"",""cudnn"":91002,""gpu"":""Tesla T4""}",8fb738742f5d9fdb7bf25b0bc3f1441f9913cccc49393669d3f4e44b05092763,4318d60313bda4a1916ed2aff49736fec1e04909ba7b3b7527b8d1313557bf7d,0.7164672699740873,0.28845928655628505,0.4280079834178022
hiroshima/seed29/pretrained,hiroshima,29,pretrained,COMPLETE,20000,"[5000,10000,15000,20000]",cc1011d2a718914cd9161166c98f2d5d3655d649b9a153ce38541eb291ca2e02,6,,0b3c92cc4d66f7cee2b7998f868dccb143c7c119482eb09dc87d924f6e580a9d,0817d39ab2a82f52f5097856c688e1a298c423261b6d11340a1781f13fd9d4bc,921d32a09a98984e4f8c2e1a6d5c7a5e350ee31c2d99ef6ee2bfdef0b891ad63,15000,19993,7,0.035,13749.591904640198,1,[0],"{""torch"":""2.10.0+cu128"",""torchvision"":""0.25.0+cu128"",""numpy"":""2.0.2"",""cuda"":""12.8"",""cudnn"":91002,""gpu"":""Tesla T4""}",2f037589fff19c4fe25ba82079b7f5d563b637464e60d80e4b1f5a422587e690,5509907740bd5f8d2b4169ed9f0dbe2c2f4cd973ac0e6e65f6aa9f4f843a1101,0.7814720958116965,0.3607677405595565,0.42070435525214
hiroshima/seed29/scratch,hiroshima,29,scratch,COMPLETE,20000,"[5000,10000,15000,20000]",cc1011d2a718914cd9161166c98f2d5d3655d649b9a153ce38541eb291ca2e02,6,,a6fbe823a94a35110111ab6e00cd65fb0e58f3f7311b2ce418434592cb9583f3,1c107727d159b01e5ab02f5f6a3b5c4b76a3fd6c6d1cfb82c145b39a8df341fb,120a3ce341d894f9744985761b4d80f2a31fd6b5db2d0dfafea371301b4a1f16,10000,19993,7,0.035,14087.222329378128,1,[0],"{""torch"":""2.10.0+cu128"",""torchvision"":""0.25.0+cu128"",""numpy"":""2.0.2"",""cuda"":""12.8"",""cudnn"":91002,""gpu"":""Tesla T4""}",2f037589fff19c4fe25ba82079b7f5d563b637464e60d80e4b1f5a422587e690,ee6875fc621101bcc9bfa23af03ed57d41549af2f8d647839123e8bd6a7cdf47,0.7140167865043332,0.3089579102529178,0.4050588762514154
hiroshima/seed43/pretrained,hiroshima,43,pretrained,COMPLETE,20000,"[5000,10000,15000,20000]",cc1011d2a718914cd9161166c98f2d5d3655d649b9a153ce38541eb291ca2e02,6,,4c07c33a563964ab4a30448d80a239e919ad0a4ff003b9826680ac66b87312ce,260bce6e3d76dde7d4b67857e6ce3bed8f9d91b9375ea1810752621e965013ee,5d522ce5d1f95e16a83c47676d3081cb5841a2ca62fe8cf501c09041977c83c3,10000,19993,7,0.035,14252.918410539627,1,[0],"{""torch"":""2.10.0+cu128"",""torchvision"":""0.25.0+cu128"",""numpy"":""2.0.2"",""cuda"":""12.8"",""cudnn"":91002,""gpu"":""Tesla T4""}",dff6fc1babd29fef00828d15496bc6dbd604395778fe934c09dd6c06de16444a,5509907740bd5f8d2b4169ed9f0dbe2c2f4cd973ac0e6e65f6aa9f4f843a1101,0.7821098822685584,0.3555565445796691,0.42655333768888926
hiroshima/seed43/scratch,hiroshima,43,scratch,COMPLETE,20000,"[5000,10000,15000,20000]",cc1011d2a718914cd9161166c98f2d5d3655d649b9a153ce38541eb291ca2e02,6,,2ea7115351b79c3551877858cbcb21c17140bb85f750f8abdee3a50cf8aceba2,dda8f454725d4c7948368394d442c5e3af8dd643d51701cd3fb8f23547b52115,dbc3bdb293a4743b5aa1efbbeedbbff3dfb42a3d0287f2398684288f93303def,10000,19993,7,0.035,14313.201448202133,1,[0],"{""torch"":""2.10.0+cu128"",""torchvision"":""0.25.0+cu128"",""numpy"":""2.0.2"",""cuda"":""12.8"",""cudnn"":91002,""gpu"":""Tesla T4""}",dff6fc1babd29fef00828d15496bc6dbd604395778fe934c09dd6c06de16444a,4bc63393ad8132e893827f14bddbb1b4ef0ca1f9eb2b1c496bdcc6aeb2c9c1a1,0.719794196004061,0.319457649295936,0.400336546708125
hokkaido/seed17/pretrained,hokkaido,17,pretrained,COMPLETE,20000,"[5000,10000,15000,20000]",a3b002c8eafab6286c4ed301da22190498f98de016d81392e0b2de05ba367486,2,,af8b71dc99b1c5b1debc1dd2bdbb4c44bdcf1880ab8eda6285b37ae10b2f0461,cae8149903699f8def9b00c94d75eee445ab593651471c52a522c6771b0d0eb8,79e6892f42f71f15e21c46d052ffe99fa4a25873f5674061d35b52a9fc28e992,10000,19993,7,0.035,14134.983018159866,1,[0],"{""torch"":""2.10.0+cu128"",""torchvision"":""0.25.0+cu128"",""numpy"":""2.0.2"",""cuda"":""12.8"",""cudnn"":91002,""gpu"":""Tesla T4""}",8fb738742f5d9fdb7bf25b0bc3f1441f9913cccc49393669d3f4e44b05092763,5509907740bd5f8d2b4169ed9f0dbe2c2f4cd973ac0e6e65f6aa9f4f843a1101,0.7720910510149951,0.319736759081074,0.45235429193392107
hokkaido/seed17/scratch,hokkaido,17,scratch,COMPLETE,20000,"[5000,10000,15000,20000]",a3b002c8eafab6286c4ed301da22190498f98de016d81392e0b2de05ba367486,2,,6534d77f9fe667e230c1c8ee28661703efd5b7308e08fa6b770299bfe8f85c06,9a43858a3ae2f88ad18106cd2c6fb93578b7a753ecddf9eaeeffbc5443a8914e,df652acd802fd320715a74aa2988e3a2fc8412eb4acce01e99eb1a828796e6e5,20000,19994,6,0.03,13436.101865291595,1,[0],"{""torch"":""2.10.0+cu128"",""torchvision"":""0.25.0+cu128"",""numpy"":""2.0.2"",""cuda"":""12.8"",""cudnn"":91002,""gpu"":""Tesla T4""}",8fb738742f5d9fdb7bf25b0bc3f1441f9913cccc49393669d3f4e44b05092763,4318d60313bda4a1916ed2aff49736fec1e04909ba7b3b7527b8d1313557bf7d,0.7027386444181059,0.31522423954455664,0.3875144048735492
hokkaido/seed29/pretrained,hokkaido,29,pretrained,COMPLETE,20000,"[5000,10000,15000,20000]",085e6d659fcba792cfb16ec810acbfbbc02bb20fc79c8463d93f388e9c3b050d,2,29,d918e24d8a6d385d899884c9c8d0b224db4865cccd2a56804eb7693d3e0c728b,587195677a7b96d5db6518802901e3ec18ba051d1af4fe493635b8f2c179aaf7,26b1d23be7c2f99b7aa68787913c4aefb376ebf159691ac90c18d53722b9edf2,10000,19993,7,0.035,14127.371896982193,1,[0],"{""torch"":""2.10.0+cu128"",""torchvision"":""0.25.0+cu128"",""numpy"":""2.0.2"",""cuda"":""12.8"",""cudnn"":91002,""gpu"":""Tesla T4""}",2f037589fff19c4fe25ba82079b7f5d563b637464e60d80e4b1f5a422587e690,5509907740bd5f8d2b4169ed9f0dbe2c2f4cd973ac0e6e65f6aa9f4f843a1101,0.7714857847797693,0.33039330899516095,0.4410924757846083
hokkaido/seed29/scratch,hokkaido,29,scratch,COMPLETE,20000,"[5000,10000,15000,20000]",085e6d659fcba792cfb16ec810acbfbbc02bb20fc79c8463d93f388e9c3b050d,2,29,46ac9dff6ff5f9e79e20c326956a30200e99d144bc117fde91988c03ed95fe1f,df6b6e43bb250118fc4c325f4de83a263c16cee4bcb088db0f88c93023e3de60,1edf3e303fdd5ce1d2361dc87313b463634353f5015a53af578a1d25fbd61fdc,10000,19994,6,0.03,13661.516194343567,1,[0],"{""torch"":""2.10.0+cu128"",""torchvision"":""0.25.0+cu128"",""numpy"":""2.0.2"",""cuda"":""12.8"",""cudnn"":91002,""gpu"":""Tesla T4""}",2f037589fff19c4fe25ba82079b7f5d563b637464e60d80e4b1f5a422587e690,ee6875fc621101bcc9bfa23af03ed57d41549af2f8d647839123e8bd6a7cdf47,0.7040752528322838,0.3046577490213755,0.3994175038109083
hokkaido/seed43/pretrained,hokkaido,43,pretrained,COMPLETE,20000,"[5000,10000,15000,20000]",3facab19ba2e758c1122d0cd95e4bfecc707b31e69cf5daac0b5f45045dfd1d0,2,43,89923ec1a125e5a026df2dfb87a9082153214139e1f3b36029b84e5372035b9e,7c10e816d24f56f9fa866bd587bc3461b7ce174faac1cce2bae65a89fe097d64,ef354a9e380e45da1d5885f885f58d69b07cbab20c4547d0051158dbeec4040d,10000,19993,7,0.035,13699.60543179512,1,[0],"{""torch"":""2.10.0+cu128"",""torchvision"":""0.25.0+cu128"",""numpy"":""2.0.2"",""cuda"":""12.8"",""cudnn"":91002,""gpu"":""Tesla T4""}",dff6fc1babd29fef00828d15496bc6dbd604395778fe934c09dd6c06de16444a,5509907740bd5f8d2b4169ed9f0dbe2c2f4cd973ac0e6e65f6aa9f4f843a1101,0.7709351677516396,0.3151404700032243,0.4557946977484153
hokkaido/seed43/scratch,hokkaido,43,scratch,COMPLETE,20000,"[5000,10000,15000,20000]",3facab19ba2e758c1122d0cd95e4bfecc707b31e69cf5daac0b5f45045dfd1d0,2,43,1a9169c39a99565ced847e8d14ab7231847de527be95f235b0ae4c64356dedd5,0678e1f4d80d2bf07b5a3ae45c5a34ad9ef6203abf9022bf3e81f35ab8f27bd9,d4ecbc36bbdb178c1ea6349649085dd1255c3a5d476d764b3226567daaabeb4a,5000,19994,6,0.03,14764.234590530396,1,[0],"{""torch"":""2.10.0+cu128"",""torchvision"":""0.25.0+cu128"",""numpy"":""2.0.2"",""cuda"":""12.8"",""cudnn"":91002,""gpu"":""Tesla T4""}",dff6fc1babd29fef00828d15496bc6dbd604395778fe934c09dd6c06de16444a,4bc63393ad8132e893827f14bddbb1b4ef0ca1f9eb2b1c496bdcc6aeb2c9c1a1,0.7046008684201348,0.31650841483207715,0.38809245358805766
italy/seed17/pretrained,italy,17,pretrained,COMPLETE,20000,"[5000,10000,15000,20000]",a4fc7fb8ecfc22cc2a585cd87aa4fda11f3bc7d2eb2ebfa1e760cc5ac0dc2e14,6,,fdd64bcb82efc94102f244492adfcf07a7a701beaf6b62e1bdaaa7e7df89d4c3,641747cf656b4756685cb350e37cb2b38514b78d5ca9ef60716c24f23c6a8ab5,03521729d93e6d2e5f23a7c33255a55ee00e7e6aa311fe346369753ebf63ea3e,10000,19993,7,0.035,13494.4063103199,1,[0],"{""torch"":""2.10.0+cu128"",""torchvision"":""0.25.0+cu128"",""numpy"":""2.0.2"",""cuda"":""12.8"",""cudnn"":91002,""gpu"":""Tesla T4""}",8fb738742f5d9fdb7bf25b0bc3f1441f9913cccc49393669d3f4e44b05092763,5509907740bd5f8d2b4169ed9f0dbe2c2f4cd973ac0e6e65f6aa9f4f843a1101,0.8258282461538293,0.37054876896058997,0.45527947719323936
italy/seed17/scratch,italy,17,scratch,COMPLETE,20000,"[5000,10000,15000,20000]",a4fc7fb8ecfc22cc2a585cd87aa4fda11f3bc7d2eb2ebfa1e760cc5ac0dc2e14,6,,83c6a3c15db0bc387efc766373cccb0f2867ff821f64d05b0d3189121cc6bc9b,9937018b613f841bf4ff3cb2bc03481e68992d7e5bd428eb4abfd6c4b696d35d,23182b36401dd445a081836c3ae708ab8ce0cdfd57c8aa8106da5954e73b331a,5000,19994,6,0.03,14697.129283189774,1,[0],"{""torch"":""2.10.0+cu128"",""torchvision"":""0.25.0+cu128"",""numpy"":""2.0.2"",""cuda"":""12.8"",""cudnn"":91002,""gpu"":""Tesla T4""}",8fb738742f5d9fdb7bf25b0bc3f1441f9913cccc49393669d3f4e44b05092763,4318d60313bda4a1916ed2aff49736fec1e04909ba7b3b7527b8d1313557bf7d,0.7588957863502681,0.34939894868465154,0.40949683766561656
italy/seed29/pretrained,italy,29,pretrained,COMPLETE,20000,"[5000,10000,15000,20000]",a4fc7fb8ecfc22cc2a585cd87aa4fda11f3bc7d2eb2ebfa1e760cc5ac0dc2e14,6,,0131d4de257a74bae3c2629d8ca0c3858b783da07b084874e8314f66d5708b14,92655730bbf156490085a53a06c98422ea2e5870854e980b09ef2f5eda8dbe4d,0fea81334dc93e1d6f12fbc25aea90279eff6467830f374144e50a69ff8285f7,15000,19993,7,0.035,13533.650928258896,1,[0],"{""torch"":""2.10.0+cu128"",""torchvision"":""0.25.0+cu128"",""numpy"":""2.0.2"",""cuda"":""12.8"",""cudnn"":91002,""gpu"":""Tesla T4""}",2f037589fff19c4fe25ba82079b7f5d563b637464e60d80e4b1f5a422587e690,5509907740bd5f8d2b4169ed9f0dbe2c2f4cd973ac0e6e65f6aa9f4f843a1101,0.8309112135579083,0.36916163356571624,0.46174957999219207
italy/seed29/scratch,italy,29,scratch,COMPLETE,20000,"[5000,10000,15000,20000]",a4fc7fb8ecfc22cc2a585cd87aa4fda11f3bc7d2eb2ebfa1e760cc5ac0dc2e14,6,,2bf7362b233e1e9c28048b6f0c20d668229df4edd7c921846bc12dd12b16be46,fc7cb92a7252dfaabeec94b9fa8143ba61f38590c99c5d16ec706860417b99c1,c88a9503a582c14436772a8848901be17aa84954ac6bf25ff53aad2501a148a4,5000,19993,7,0.035,13653.455241918564,1,[0],"{""torch"":""2.10.0+cu128"",""torchvision"":""0.25.0+cu128"",""numpy"":""2.0.2"",""cuda"":""12.8"",""cudnn"":91002,""gpu"":""Tesla T4""}",2f037589fff19c4fe25ba82079b7f5d563b637464e60d80e4b1f5a422587e690,ee6875fc621101bcc9bfa23af03ed57d41549af2f8d647839123e8bd6a7cdf47,0.7631136429848869,0.339107701168873,0.4240059418160139
italy/seed43/pretrained,italy,43,pretrained,COMPLETE,20000,"[5000,10000,15000,20000]",a4fc7fb8ecfc22cc2a585cd87aa4fda11f3bc7d2eb2ebfa1e760cc5ac0dc2e14,6,,e96acdbd95b5fe04e466d5e2b580c8601b294de3e93142b098bd5e845246e33e,8c117bbd61a04bc0d1a28bdc4039bb495f9087d36bc848d46f232247596731b0,364022ab71008d2313433c748d1ddbfc9403dbb30929528a57855c7eb906084f,10000,19993,7,0.035,13574.804673910141,1,[0],"{""torch"":""2.10.0+cu128"",""torchvision"":""0.25.0+cu128"",""numpy"":""2.0.2"",""cuda"":""12.8"",""cudnn"":91002,""gpu"":""Tesla T4""}",dff6fc1babd29fef00828d15496bc6dbd604395778fe934c09dd6c06de16444a,5509907740bd5f8d2b4169ed9f0dbe2c2f4cd973ac0e6e65f6aa9f4f843a1101,0.8313963773966271,0.3612243574452064,0.47017201995142066
italy/seed43/scratch,italy,43,scratch,COMPLETE,20000,"[5000,10000,15000,20000]",a4fc7fb8ecfc22cc2a585cd87aa4fda11f3bc7d2eb2ebfa1e760cc5ac0dc2e14,6,,8ff6c62cb3b9ff84e41a16c74172ea8272977ad1372c16a8908d1dd6119db0e0,ecbddc496a97d8ae7a2b3838bb27d7df652814a171f757381e8fd32fc2768651,ecb891fcfe0d2473f008f4c233e6b2d1e3a93b2f257719eff257a3fd9dd9efd5,5000,19994,6,0.03,13613.586866378784,1,[0],"{""torch"":""2.10.0+cu128"",""torchvision"":""0.25.0+cu128"",""numpy"":""2.0.2"",""cuda"":""12.8"",""cudnn"":91002,""gpu"":""Tesla T4""}",dff6fc1babd29fef00828d15496bc6dbd604395778fe934c09dd6c06de16444a,4bc63393ad8132e893827f14bddbb1b4ef0ca1f9eb2b1c496bdcc6aeb2c9c1a1,0.7594251714869926,0.323401817758726,0.4360233537282666
thrissur/seed17/pretrained,thrissur,17,pretrained,COMPLETE,20000,"[5000,10000,15000,20000]",bad10a646fc150d7fe924a99c9b700f9e18183697ad87370cf057bb9fc5bd6e8,6,,713410194d4ec1c6417892867dc77934e0129ffd76f6478f246ed5c44428d687,3ac21c39bc56fdca8d43ff8cb0104a98d1f1a121dd3725006d6727f4a719c586,866db50347ead15b997e2020ca0a40903b3b8031f4735ae966a725238e647237,5000,19993,7,0.035,14459.200535058975,1,[0],"{""torch"":""2.10.0+cu128"",""torchvision"":""0.25.0+cu128"",""numpy"":""2.0.2"",""cuda"":""12.8"",""cudnn"":91002,""gpu"":""Tesla T4""}",8fb738742f5d9fdb7bf25b0bc3f1441f9913cccc49393669d3f4e44b05092763,5509907740bd5f8d2b4169ed9f0dbe2c2f4cd973ac0e6e65f6aa9f4f843a1101,0.7769740336355863,0.3666579061392745,0.41031612749631174
thrissur/seed17/scratch,thrissur,17,scratch,COMPLETE,20000,"[5000,10000,15000,20000]",bad10a646fc150d7fe924a99c9b700f9e18183697ad87370cf057bb9fc5bd6e8,6,,b9fc0ea6040d2a12b5596226f1e9c43cc06f96c9d1f8bc3d65d5f27379e3983a,dc9593aa09e0d4c4cf26697e93f8cad8a6a1adf38bd30313656431a02ae09141,ee6dfaf1b1c13704ab1ce0845d95a33359cceeabfa1b062bc267d1f5b7adb297,10000,19994,6,0.03,14332.995751619339,1,[0],"{""torch"":""2.10.0+cu128"",""torchvision"":""0.25.0+cu128"",""numpy"":""2.0.2"",""cuda"":""12.8"",""cudnn"":91002,""gpu"":""Tesla T4""}",8fb738742f5d9fdb7bf25b0bc3f1441f9913cccc49393669d3f4e44b05092763,4318d60313bda4a1916ed2aff49736fec1e04909ba7b3b7527b8d1313557bf7d,0.7021435271256684,0.3590911795278741,0.3430523475977943
thrissur/seed29/pretrained,thrissur,29,pretrained,COMPLETE,20000,"[5000,10000,15000,20000]",bad10a646fc150d7fe924a99c9b700f9e18183697ad87370cf057bb9fc5bd6e8,6,,8a907c5f3db4576d566604dcd2daab054b792646ccc9fe04fa419e539ef883c8,56de0b1bde764d3eda6f48dd28afa416362aaf417da35a8d8ae93877440c6701,797fb79ca630fbb10bf6e1915421987a025324c2393be9ca5f6cea9df8b232e2,10000,19993,7,0.035,13822.347281217575,1,[0],"{""torch"":""2.10.0+cu128"",""torchvision"":""0.25.0+cu128"",""numpy"":""2.0.2"",""cuda"":""12.8"",""cudnn"":91002,""gpu"":""Tesla T4""}",2f037589fff19c4fe25ba82079b7f5d563b637464e60d80e4b1f5a422587e690,5509907740bd5f8d2b4169ed9f0dbe2c2f4cd973ac0e6e65f6aa9f4f843a1101,0.7765469955920361,0.3707999803780261,0.40574701521401
thrissur/seed29/scratch,thrissur,29,scratch,COMPLETE,20000,"[5000,10000,15000,20000]",bad10a646fc150d7fe924a99c9b700f9e18183697ad87370cf057bb9fc5bd6e8,6,,41939f8d40f44a670b073c7f6cd88d993ef701f351804c23cebe0f4d3dd4fc93,b6e74a5a72bf2357e169a2dce14f2fecb0056f03f98411ad92250be84cb70ea3,7fbcfff2a4340ca1d98b93dd2b475cc46990490137884ed64d6f577c03a037ae,15000,19995,5,0.025,13398.622957468033,1,[0],"{""torch"":""2.10.0+cu128"",""torchvision"":""0.25.0+cu128"",""numpy"":""2.0.2"",""cuda"":""12.8"",""cudnn"":91002,""gpu"":""Tesla T4""}",2f037589fff19c4fe25ba82079b7f5d563b637464e60d80e4b1f5a422587e690,ee6875fc621101bcc9bfa23af03ed57d41549af2f8d647839123e8bd6a7cdf47,0.6987536400016334,0.35906010468363836,0.33969353531799507
thrissur/seed43/pretrained,thrissur,43,pretrained,COMPLETE,20000,"[5000,10000,15000,20000]",bad10a646fc150d7fe924a99c9b700f9e18183697ad87370cf057bb9fc5bd6e8,6,,d9fba2f2155257d14b15b50106a7fd06065567a3671efafaf6651ed525860972,86d3a059ba1fbaff7795ed9f7f8f7b8b64cd6db1ae5b73257b2aa3321de3c9bf,b19f3a8feca6b54aee20f38892f45510a61bd7232ffc48825d617f8625917e35,10000,19992,8,0.04,13672.4935400486,1,[0],"{""torch"":""2.10.0+cu128"",""torchvision"":""0.25.0+cu128"",""numpy"":""2.0.2"",""cuda"":""12.8"",""cudnn"":91002,""gpu"":""Tesla T4""}",dff6fc1babd29fef00828d15496bc6dbd604395778fe934c09dd6c06de16444a,5509907740bd5f8d2b4169ed9f0dbe2c2f4cd973ac0e6e65f6aa9f4f843a1101,0.7800143319871063,0.3855918478941507,0.39442248409295566
thrissur/seed43/scratch,thrissur,43,scratch,COMPLETE,20000,"[5000,10000,15000,20000]",bad10a646fc150d7fe924a99c9b700f9e18183697ad87370cf057bb9fc5bd6e8,6,,1d1fa13e9d353fdb94e9a6f383d7e811be33f754f69359ee86980b72b0c3c9d4,25dd5d9f603ddd45505565f6e37e484f3419613cea727f5d21d2d5c0da496507,2ded6e71511867654feca06e7eca6e0c08ed85ccd605d98a0563b2658b6fbc87,5000,19994,6,0.03,13450.163584709167,1,[0],"{""torch"":""2.10.0+cu128"",""torchvision"":""0.25.0+cu128"",""numpy"":""2.0.2"",""cuda"":""12.8"",""cudnn"":91002,""gpu"":""Tesla T4""}",dff6fc1babd29fef00828d15496bc6dbd604395778fe934c09dd6c06de16444a,4bc63393ad8132e893827f14bddbb1b4ef0ca1f9eb2b1c496bdcc6aeb2c9c1a1,0.7023888544187685,0.3453209660994622,0.3570678883193063
