endpoint,seed,pretrained_macro_f1,scratch_macro_f1,mean_gain
5000,17,0.19897556190373494,0.24124979236781438,-0.04227423046407941
5000,29,0.15285886804509194,0.215066289427493,-0.06220742138240108
5000,43,0.17917316118432416,0.2191002883336309,-0.03992712714930673
10000,17,0.16228678956770917,0.22289336700411672,-0.06060657743640754
10000,29,0.12494187387292129,0.18915207598506723,-0.0642102021121459
10000,43,0.14161433955968014,0.2091303470001021,-0.067516007440422
15000,17,0.14696422864570935,0.18018649946263848,-0.033222270816929134
15000,29,0.1360712937595875,0.18070066243228447,-0.04462936867269694
15000,43,0.12691797809329705,0.16515749553556205,-0.03823951744226502
20000,17,0.133452963011243,0.15579606942379615,-0.022343106412553132
20000,29,0.11593219054755363,0.15904463547554365,-0.04311244492799002
20000,43,0.12259365938226892,0.1754089001875931,-0.05281524080532418
inner_selected,17,0.18014278674228687,0.19803109472996935,-0.017888307987682473
inner_selected,29,0.13450678501036525,0.19458262053508762,-0.06007583552472242
inner_selected,43,0.14161433955968014,0.20907952868937976,-0.06746518912969963
