run_id,region,seed,arm,status,successful_updates,skipped_updates,selected_checkpoint,source_fit_sha256,decoder_sha256,encoder_sha256,wall_seconds_20k
dominicamaria/seed17/pretrained,dominicamaria,17,pretrained,COMPLETE,19994,6,10000,3fea934bdf142a841e0092892e07b1da832769eb653f4e5309651ba3858dc8a4,8fb738742f5d9fdb7bf25b0bc3f1441f9913cccc49393669d3f4e44b05092763,5509907740bd5f8d2b4169ed9f0dbe2c2f4cd973ac0e6e65f6aa9f4f843a1101,13396.562283992767
dominicamaria/seed17/scratch,dominicamaria,17,scratch,COMPLETE,19994,6,5000,3fea934bdf142a841e0092892e07b1da832769eb653f4e5309651ba3858dc8a4,8fb738742f5d9fdb7bf25b0bc3f1441f9913cccc49393669d3f4e44b05092763,4318d60313bda4a1916ed2aff49736fec1e04909ba7b3b7527b8d1313557bf7d,13659.770595312119
dominicamaria/seed29/pretrained,dominicamaria,29,pretrained,COMPLETE,19994,6,5000,3fea934bdf142a841e0092892e07b1da832769eb653f4e5309651ba3858dc8a4,2f037589fff19c4fe25ba82079b7f5d563b637464e60d80e4b1f5a422587e690,5509907740bd5f8d2b4169ed9f0dbe2c2f4cd973ac0e6e65f6aa9f4f843a1101,14657.783008813858
dominicamaria/seed29/scratch,dominicamaria,29,scratch,COMPLETE,19994,6,15000,3fea934bdf142a841e0092892e07b1da832769eb653f4e5309651ba3858dc8a4,2f037589fff19c4fe25ba82079b7f5d563b637464e60d80e4b1f5a422587e690,ee6875fc621101bcc9bfa23af03ed57d41549af2f8d647839123e8bd6a7cdf47,13789.256451845169
dominicamaria/seed43/pretrained,dominicamaria,43,pretrained,COMPLETE,19994,6,10000,3fea934bdf142a841e0092892e07b1da832769eb653f4e5309651ba3858dc8a4,dff6fc1babd29fef00828d15496bc6dbd604395778fe934c09dd6c06de16444a,5509907740bd5f8d2b4169ed9f0dbe2c2f4cd973ac0e6e65f6aa9f4f843a1101,14624.17102766037
dominicamaria/seed43/scratch,dominicamaria,43,scratch,COMPLETE,19994,6,15000,3fea934bdf142a841e0092892e07b1da832769eb653f4e5309651ba3858dc8a4,dff6fc1babd29fef00828d15496bc6dbd604395778fe934c09dd6c06de16444a,4bc63393ad8132e893827f14bddbb1b4ef0ca1f9eb2b1c496bdcc6aeb2c9c1a1,14541.949702739716
italy/seed17/pretrained,italy,17,pretrained,COMPLETE,19994,6,10000,7a91716e1fb995ff84666c0a0b734881801a4259f2b652fdcb82adfd7867ed4c,8fb738742f5d9fdb7bf25b0bc3f1441f9913cccc49393669d3f4e44b05092763,5509907740bd5f8d2b4169ed9f0dbe2c2f4cd973ac0e6e65f6aa9f4f843a1101,14376.638563156128
italy/seed17/scratch,italy,17,scratch,COMPLETE,19994,6,5000,7a91716e1fb995ff84666c0a0b734881801a4259f2b652fdcb82adfd7867ed4c,8fb738742f5d9fdb7bf25b0bc3f1441f9913cccc49393669d3f4e44b05092763,4318d60313bda4a1916ed2aff49736fec1e04909ba7b3b7527b8d1313557bf7d,13749.243297100067
italy/seed29/pretrained,italy,29,pretrained,COMPLETE,19993,7,5000,7a91716e1fb995ff84666c0a0b734881801a4259f2b652fdcb82adfd7867ed4c,2f037589fff19c4fe25ba82079b7f5d563b637464e60d80e4b1f5a422587e690,5509907740bd5f8d2b4169ed9f0dbe2c2f4cd973ac0e6e65f6aa9f4f843a1101,13198.95354294777
italy/seed29/scratch,italy,29,scratch,COMPLETE,19994,6,10000,7a91716e1fb995ff84666c0a0b734881801a4259f2b652fdcb82adfd7867ed4c,2f037589fff19c4fe25ba82079b7f5d563b637464e60d80e4b1f5a422587e690,ee6875fc621101bcc9bfa23af03ed57d41549af2f8d647839123e8bd6a7cdf47,13576.563184022903
italy/seed43/pretrained,italy,43,pretrained,COMPLETE,19994,6,10000,7a91716e1fb995ff84666c0a0b734881801a4259f2b652fdcb82adfd7867ed4c,dff6fc1babd29fef00828d15496bc6dbd604395778fe934c09dd6c06de16444a,5509907740bd5f8d2b4169ed9f0dbe2c2f4cd973ac0e6e65f6aa9f4f843a1101,13626.434846401215
italy/seed43/scratch,italy,43,scratch,COMPLETE,19994,6,5000,7a91716e1fb995ff84666c0a0b734881801a4259f2b652fdcb82adfd7867ed4c,dff6fc1babd29fef00828d15496bc6dbd604395778fe934c09dd6c06de16444a,4bc63393ad8132e893827f14bddbb1b4ef0ca1f9eb2b1c496bdcc6aeb2c9c1a1,14199.27691912651
hiroshima/seed17/pretrained,hiroshima,17,pretrained,COMPLETE,19995,5,5000,3f30dfe84c6593bee5eb367f7d7e62d773e32d70fb573a3f74266ccd7d66269d,8fb738742f5d9fdb7bf25b0bc3f1441f9913cccc49393669d3f4e44b05092763,5509907740bd5f8d2b4169ed9f0dbe2c2f4cd973ac0e6e65f6aa9f4f843a1101,13355.119970083237
hiroshima/seed17/scratch,hiroshima,17,scratch,COMPLETE,19994,6,15000,3f30dfe84c6593bee5eb367f7d7e62d773e32d70fb573a3f74266ccd7d66269d,8fb738742f5d9fdb7bf25b0bc3f1441f9913cccc49393669d3f4e44b05092763,4318d60313bda4a1916ed2aff49736fec1e04909ba7b3b7527b8d1313557bf7d,13788.401108980179
hiroshima/seed29/pretrained,hiroshima,29,pretrained,COMPLETE,19994,6,15000,3f30dfe84c6593bee5eb367f7d7e62d773e32d70fb573a3f74266ccd7d66269d,2f037589fff19c4fe25ba82079b7f5d563b637464e60d80e4b1f5a422587e690,5509907740bd5f8d2b4169ed9f0dbe2c2f4cd973ac0e6e65f6aa9f4f843a1101,13785.991590499878
hiroshima/seed29/scratch,hiroshima,29,scratch,COMPLETE,19994,6,5000,3f30dfe84c6593bee5eb367f7d7e62d773e32d70fb573a3f74266ccd7d66269d,2f037589fff19c4fe25ba82079b7f5d563b637464e60d80e4b1f5a422587e690,ee6875fc621101bcc9bfa23af03ed57d41549af2f8d647839123e8bd6a7cdf47,14174.707691192627
hiroshima/seed43/pretrained,hiroshima,43,pretrained,COMPLETE,19993,7,10000,3f30dfe84c6593bee5eb367f7d7e62d773e32d70fb573a3f74266ccd7d66269d,dff6fc1babd29fef00828d15496bc6dbd604395778fe934c09dd6c06de16444a,5509907740bd5f8d2b4169ed9f0dbe2c2f4cd973ac0e6e65f6aa9f4f843a1101,13683.893836736679
hiroshima/seed43/scratch,hiroshima,43,scratch,COMPLETE,19995,5,10000,3f30dfe84c6593bee5eb367f7d7e62d773e32d70fb573a3f74266ccd7d66269d,dff6fc1babd29fef00828d15496bc6dbd604395778fe934c09dd6c06de16444a,4bc63393ad8132e893827f14bddbb1b4ef0ca1f9eb2b1c496bdcc6aeb2c9c1a1,14240.925444602966
hokkaido/seed17/pretrained,hokkaido,17,pretrained,COMPLETE,19994,6,10000,beb1c64c39d9771e4a6375a6cd78fd537d8b5e48d95a8a2cc4fb77c9a0977a04,8fb738742f5d9fdb7bf25b0bc3f1441f9913cccc49393669d3f4e44b05092763,5509907740bd5f8d2b4169ed9f0dbe2c2f4cd973ac0e6e65f6aa9f4f843a1101,13560.143422365189
hokkaido/seed17/scratch,hokkaido,17,scratch,COMPLETE,19993,7,5000,beb1c64c39d9771e4a6375a6cd78fd537d8b5e48d95a8a2cc4fb77c9a0977a04,8fb738742f5d9fdb7bf25b0bc3f1441f9913cccc49393669d3f4e44b05092763,4318d60313bda4a1916ed2aff49736fec1e04909ba7b3b7527b8d1313557bf7d,13877.061391115189
hokkaido/seed29/pretrained,hokkaido,29,pretrained,COMPLETE,19993,7,10000,beb1c64c39d9771e4a6375a6cd78fd537d8b5e48d95a8a2cc4fb77c9a0977a04,2f037589fff19c4fe25ba82079b7f5d563b637464e60d80e4b1f5a422587e690,5509907740bd5f8d2b4169ed9f0dbe2c2f4cd973ac0e6e65f6aa9f4f843a1101,13927.18814587593
hokkaido/seed29/scratch,hokkaido,29,scratch,COMPLETE,19994,6,10000,beb1c64c39d9771e4a6375a6cd78fd537d8b5e48d95a8a2cc4fb77c9a0977a04,2f037589fff19c4fe25ba82079b7f5d563b637464e60d80e4b1f5a422587e690,ee6875fc621101bcc9bfa23af03ed57d41549af2f8d647839123e8bd6a7cdf47,14031.91056728363
hokkaido/seed43/pretrained,hokkaido,43,pretrained,COMPLETE,19993,7,10000,beb1c64c39d9771e4a6375a6cd78fd537d8b5e48d95a8a2cc4fb77c9a0977a04,dff6fc1babd29fef00828d15496bc6dbd604395778fe934c09dd6c06de16444a,5509907740bd5f8d2b4169ed9f0dbe2c2f4cd973ac0e6e65f6aa9f4f843a1101,13670.49856376648
hokkaido/seed43/scratch,hokkaido,43,scratch,COMPLETE,19994,6,10000,beb1c64c39d9771e4a6375a6cd78fd537d8b5e48d95a8a2cc4fb77c9a0977a04,dff6fc1babd29fef00828d15496bc6dbd604395778fe934c09dd6c06de16444a,4bc63393ad8132e893827f14bddbb1b4ef0ca1f9eb2b1c496bdcc6aeb2c9c1a1,14263.532047271729
thrissur/seed17/pretrained,thrissur,17,pretrained,COMPLETE,19993,7,10000,df750ea033d0b2213046a1fe09623486cf1c009b23bb1e59bbc1adf59ca48ac8,8fb738742f5d9fdb7bf25b0bc3f1441f9913cccc49393669d3f4e44b05092763,5509907740bd5f8d2b4169ed9f0dbe2c2f4cd973ac0e6e65f6aa9f4f843a1101,13534.300797224045
thrissur/seed17/scratch,thrissur,17,scratch,COMPLETE,19994,6,10000,df750ea033d0b2213046a1fe09623486cf1c009b23bb1e59bbc1adf59ca48ac8,8fb738742f5d9fdb7bf25b0bc3f1441f9913cccc49393669d3f4e44b05092763,4318d60313bda4a1916ed2aff49736fec1e04909ba7b3b7527b8d1313557bf7d,14004.967084169388
thrissur/seed29/pretrained,thrissur,29,pretrained,COMPLETE,19994,6,5000,df750ea033d0b2213046a1fe09623486cf1c009b23bb1e59bbc1adf59ca48ac8,2f037589fff19c4fe25ba82079b7f5d563b637464e60d80e4b1f5a422587e690,5509907740bd5f8d2b4169ed9f0dbe2c2f4cd973ac0e6e65f6aa9f4f843a1101,14014.498680353165
thrissur/seed29/scratch,thrissur,29,scratch,COMPLETE,19994,6,10000,df750ea033d0b2213046a1fe09623486cf1c009b23bb1e59bbc1adf59ca48ac8,2f037589fff19c4fe25ba82079b7f5d563b637464e60d80e4b1f5a422587e690,ee6875fc621101bcc9bfa23af03ed57d41549af2f8d647839123e8bd6a7cdf47,14012.833402395248
thrissur/seed43/pretrained,thrissur,43,pretrained,COMPLETE,19994,6,10000,df750ea033d0b2213046a1fe09623486cf1c009b23bb1e59bbc1adf59ca48ac8,dff6fc1babd29fef00828d15496bc6dbd604395778fe934c09dd6c06de16444a,5509907740bd5f8d2b4169ed9f0dbe2c2f4cd973ac0e6e65f6aa9f4f843a1101,13901.539078474045
thrissur/seed43/scratch,thrissur,43,scratch,COMPLETE,19994,6,10000,df750ea033d0b2213046a1fe09623486cf1c009b23bb1e59bbc1adf59ca48ac8,dff6fc1babd29fef00828d15496bc6dbd604395778fe934c09dd6c06de16444a,4bc63393ad8132e893827f14bddbb1b4ef0ca1f9eb2b1c496bdcc6aeb2c9c1a1,14008.433454990387
