recipe,endpoint,region,seed,pretrained_f1,scratch_f1,gain
R0,5000,dominicamaria,17,0.01898573765581438,0.02570012176030614,-0.006714384104491759
R0,5000,dominicamaria,29,0.004721212407346207,0.027292481529769666,-0.022571269122423458
R0,5000,dominicamaria,43,0.029235286607940763,0.005086661642803316,0.024148624965137446
R0,5000,italy,17,0.09358622410781132,0.15595932152223543,-0.06237309741442411
R0,5000,italy,29,0.0561949038437111,0.1391291268707227,-0.08293422302701162
R0,5000,italy,43,0.09967814766777153,0.15134050630421528,-0.05166235863644375
R0,5000,hiroshima,17,0.18171252318902126,0.37002086342481144,-0.18830834023579018
R0,5000,hiroshima,29,0.1235106221163109,0.3568616617169694,-0.2333510396006585
R0,5000,hiroshima,43,0.277885455858321,0.4023535005348865,-0.12446804467656553
R0,5000,hokkaido,17,0.3451614940391403,0.31781607204394985,0.027345421995190466
R0,5000,hokkaido,29,0.27558643273789896,0.34489779081620525,-0.0693113580783063
R0,5000,hokkaido,43,0.3098186826272898,0.3211905516332272,-0.011371869005937396
R0,5000,thrissur,17,0.35543183052688754,0.336752583087769,0.01867924743911853
R0,5000,thrissur,29,0.30428116912019254,0.2071503862037981,0.09713078291639443
R0,5000,thrissur,43,0.1792482331602977,0.21553022155302215,-0.03628198839272445
R0,10000,dominicamaria,17,0.042019075040489476,0.0028883259546864273,0.03913074908580305
R0,10000,dominicamaria,29,0.014502214968524132,0.001613209337635225,0.012889005630888907
R0,10000,dominicamaria,43,0.03536804308797128,0.008009499639106847,0.02735854344886443
R0,10000,italy,17,0.09891992196793073,0.18283799276832172,-0.08391807080039099
R0,10000,italy,29,0.0901387326584177,0.0848718008867203,0.005266931771697389
R0,10000,italy,43,0.0841789552611847,0.12503641837428378,-0.04085746311309908
R0,10000,hiroshima,17,0.16086352671718526,0.31952572774948695,-0.1586622010323017
R0,10000,hiroshima,29,0.09458591910977958,0.3764393975691949,-0.28185347845941533
R0,10000,hiroshima,43,0.13430395913154533,0.34932686431732746,-0.21502290518578213
R0,10000,hokkaido,17,0.24997110695051197,0.34974431342195245,-0.09977320647144047
R0,10000,hokkaido,29,0.18005807712160413,0.23418991237420533,-0.05413183525260121
R0,10000,hokkaido,43,0.24467863587987598,0.26717834649952205,-0.022499710619646063
R0,10000,thrissur,17,0.25966031716242843,0.259470475126136,0.00018984203629240914
R0,10000,thrissur,29,0.2454244255062809,0.24864605975758022,-0.0032216342512993157
R0,10000,thrissur,43,0.20954210443782342,0.2961006061702705,-0.08655850173244709
R0,15000,dominicamaria,17,0.035527547548918875,0.0037398906081997103,0.03178765694071917
R0,15000,dominicamaria,29,0.01872060424920646,0.002743159836356327,0.015977444412850133
R0,15000,dominicamaria,43,0.03192552225249773,0.002028301886792453,0.029897220365705277
R0,15000,italy,17,0.0716704288939052,0.1393072123123057,-0.0676367834184005
R0,15000,italy,29,0.0865274385685092,0.06131954752520858,0.025207891043300616
R0,15000,italy,43,0.057749062774188405,0.06396313364055299,-0.006214070866364586
R0,15000,hiroshima,17,0.1609201051829643,0.22902814780493455,-0.06810804262197026
R0,15000,hiroshima,29,0.1443080187964226,0.2939180264574993,-0.1496100076610767
R0,15000,hiroshima,43,0.125928400709311,0.31669627732099326,-0.19076787661168226
R0,15000,hokkaido,17,0.2185163281199679,0.30774510284549716,-0.08922877472552926
R0,15000,hokkaido,29,0.18279033721230617,0.32530337955173066,-0.1425130423394245
R0,15000,hokkaido,43,0.2501877839789795,0.2636109564098456,-0.013423172430866104
R0,15000,thrissur,17,0.24818673348279044,0.22111214374225527,0.02707458974053517
R0,15000,thrissur,29,0.2480100699714931,0.22021919879062737,0.027790871180865734
R0,15000,thrissur,43,0.16879912075150863,0.17948880841962603,-0.010689687668117398
R0,20000,dominicamaria,17,0.035137895812053115,0.0017884456994940582,0.033349450112559055
R0,20000,dominicamaria,29,0.016215965059009387,0.002935467070687941,0.013280497988321446
R0,20000,dominicamaria,43,0.030764307917352348,0.0018876383284962602,0.02887666958885609
R0,20000,italy,17,0.06200264392545167,0.12005714913726784,-0.05805450521181617
R0,20000,italy,29,0.06444774220903117,0.05185820914930691,0.01258953305972426
R0,20000,italy,43,0.06291399329817908,0.07627191107310817,-0.01335791777492909
R0,20000,hiroshima,17,0.1304516228987528,0.20101726484705207,-0.07056564194829926
R0,20000,hiroshima,29,0.11724785967842974,0.26655542809469185,-0.1493075684162621
R0,20000,hiroshima,43,0.11175217007120952,0.2933666867937548,-0.1816145167225453
R0,20000,hokkaido,17,0.20413745939476835,0.2514600586437886,-0.04732259924902027
R0,20000,hokkaido,29,0.15988662731845577,0.3125817866007875,-0.15269515928233174
R0,20000,hokkaido,43,0.23055465870848205,0.2873261423283246,-0.05677148361984255
R0,20000,thrissur,17,0.23553519302518897,0.204657428791378,0.030877764233810973
R0,20000,thrissur,29,0.2218627584728421,0.16129228646224406,0.06057047201059804
R0,20000,thrissur,43,0.17698316691612162,0.21819212241428165,-0.04120895549816003
R0,inner_selected,dominicamaria,17,0.035527547548918875,0.0037398906081997103,0.03178765694071917
R0,inner_selected,dominicamaria,29,0.016215965059009387,0.002935467070687941,0.013280497988321446
R0,inner_selected,dominicamaria,43,0.03536804308797128,0.008009499639106847,0.02735854344886443
R0,inner_selected,italy,17,0.09891992196793073,0.15595932152223543,-0.057039399554304704
R0,inner_selected,italy,29,0.0865274385685092,0.1391291268707227,-0.05260168830221351
R0,inner_selected,italy,43,0.0841789552611847,0.15134050630421528,-0.06716155104303058
R0,inner_selected,hiroshima,17,0.16086352671718526,0.31952572774948695,-0.1586622010323017
R0,inner_selected,hiroshima,29,0.1443080187964226,0.3764393975691949,-0.23213137877277232
R0,inner_selected,hiroshima,43,0.13430395913154533,0.34932686431732746,-0.21502290518578213
R0,inner_selected,hokkaido,17,0.24997110695051197,0.2514600586437886,-0.0014889516932766467
R0,inner_selected,hokkaido,29,0.18005807712160413,0.23418991237420533,-0.05413183525260121
R0,inner_selected,hokkaido,43,0.24467863587987598,0.3211905516332272,-0.0765119157533512
R0,inner_selected,thrissur,17,0.35543183052688754,0.259470475126136,0.09596135540075151
R0,inner_selected,thrissur,29,0.2454244255062809,0.22021919879062737,0.025205226715653534
R0,inner_selected,thrissur,43,0.20954210443782342,0.21553022155302215,-0.005988117115198727
R1,5000,dominicamaria,17,0.01034498899967233,0.02547630085877652,-0.015131311859104189
R1,5000,dominicamaria,29,0.022872192958136955,0.0057682467321021535,0.0171039462260348
R1,5000,dominicamaria,43,0.02997085026891653,0.018591572939399028,0.011379277329517504
R1,5000,italy,17,0.016061489530877285,0.10856232846542202,-0.09250083893454474
R1,5000,italy,29,0.08344723734507124,0.10742197222360496,-0.023974734878533716
R1,5000,italy,43,0.08047085589930014,0.11210868281157708,-0.03163782691227694
R1,5000,hiroshima,17,0.23457726886022395,0.32022345913103756,-0.0856461902708136
R1,5000,hiroshima,29,0.14162493773431561,0.3093943442021487,-0.16776940646783306
R1,5000,hiroshima,43,0.25219713941064964,0.3440611866267843,-0.09186404721613467
R1,5000,hokkaido,17,0.1252542068914177,0.384125662530715,-0.2588714556392973
R1,5000,hokkaido,29,0.08008415977817489,0.3301238547202534,-0.2500396949420785
R1,5000,hokkaido,43,0.2115678836874553,0.4187726179087597,-0.2072047342213044
R1,5000,thrissur,17,0.1524719389940879,0.33890468395508455,-0.18643274496099665
R1,5000,thrissur,29,0.17470435473139742,0.22410687177411193,-0.049402517042714506
R1,5000,thrissur,43,0.13764736934717578,0.373762190077465,-0.2361148207302892
R1,10000,dominicamaria,17,0.01816160118606375,0.009525365956155302,0.008636235229908449
R1,10000,dominicamaria,29,0.01349653278726672,0.009334615474822337,0.004161917312444382
R1,10000,dominicamaria,43,0.01958575664927243,0.01554345615977227,0.0040423004895001596
R1,10000,italy,17,0.040362525028980925,0.03024131060438344,0.010121214424597486
R1,10000,italy,29,0.04873735403500559,0.04637414608512874,0.00236320794987685
R1,10000,italy,43,0.03001031095674825,0.012022972465246095,0.017987338491502153
R1,10000,hiroshima,17,0.2118738316651286,0.2748709122203098,-0.06299708055518119
R1,10000,hiroshima,29,0.16621997471554995,0.32315511603167724,-0.1569351413161273
R1,10000,hiroshima,43,0.11703940362087327,0.33348061416105157,-0.21644121054017829
R1,10000,hokkaido,17,0.22912229368629441,0.3972219066511697,-0.16809961296487527
R1,10000,hokkaido,29,0.1362070505377853,0.32235460115891024,-0.18614755062112492
R1,10000,hokkaido,43,0.2383654407472271,0.3185681083265966,-0.0802026675793695
R1,10000,thrissur,17,0.16269550605368607,0.2809485659349463,-0.11825305988126025
R1,10000,thrissur,29,0.13370436916604583,0.3096471875908539,-0.17594281842480808
R1,10000,thrissur,43,0.1646999538067442,0.29808965386797803,-0.13338970006123382
R1,15000,dominicamaria,17,0.013868274582560297,0.0027817723190079915,0.011086502263552305
R1,15000,dominicamaria,29,0.011482449589245707,0.01048213167598154,0.0010003179132641662
R1,15000,dominicamaria,43,0.013015590617538274,0.0021760726619045366,0.010839517955633739
R1,15000,italy,17,0.03091492951613781,0.018021472392638037,0.012893457123499773
R1,15000,italy,29,0.04532607557835235,0.043861690847492696,0.0014643847308596566
R1,15000,italy,43,0.02761544943056726,0.006519833442910366,0.021095615987656892
R1,15000,hiroshima,17,0.19598260104589219,0.25092450617840717,-0.054941905132514984
R1,15000,hiroshima,29,0.19578063192850514,0.3316268945501451,-0.13584626262163996
R1,15000,hiroshima,43,0.1761565394452584,0.2632305568338702,-0.08707401738861181
R1,15000,hokkaido,17,0.1261129178440049,0.3343096519310674,-0.20819673408706246
R1,15000,hokkaido,29,0.10593819831017202,0.26808028134155254,-0.1621420830313805
R1,15000,hokkaido,43,0.21918039865805455,0.35467629433146675,-0.1354958956734122
R1,15000,thrissur,17,0.16693039643859317,0.24907241385432016,-0.08214201741572699
R1,15000,thrissur,29,0.1573395467062063,0.2868063235963828,-0.1294667768901765
R1,15000,thrissur,43,0.14167604536403774,0.19919724363300537,-0.05752119826896762
R1,20000,dominicamaria,17,0.013301088270858524,0.005121338125778185,0.00817975014508034
R1,20000,dominicamaria,29,0.011474683396692865,0.00925255262973434,0.0022221307669585254
R1,20000,dominicamaria,43,0.011076692011639914,0.0016106873845279264,0.009466004627111987
R1,20000,italy,17,0.033647883526557024,0.014831548963756016,0.018816334562801008
R1,20000,italy,29,0.034056474752621274,0.046018065584802134,-0.01196159083218086
R1,20000,italy,43,0.029331588703521972,0.01268125635400503,0.01665033234951694
R1,20000,hiroshima,17,0.19080397157501175,0.22950049339786663,-0.03869652182285488
R1,20000,hiroshima,29,0.164983079310959,0.2970079262978794,-0.1320248469869204
R1,20000,hiroshima,43,0.163205958879649,0.27065186697656235,-0.10744590809691335
R1,20000,hokkaido,17,0.11061114457932697,0.29135481533962276,-0.1807436707602958
R1,20000,hokkaido,29,0.10528885326260858,0.25463362307300996,-0.1493447698104014
R1,20000,hokkaido,43,0.1795217564718619,0.31886481852558946,-0.13934306205372757
R1,20000,thrissur,17,0.164858819060482,0.24617404221508274,-0.08131522315460074
R1,20000,thrissur,29,0.1348601068155344,0.2629948488887288,-0.12813474207319442
R1,20000,thrissur,43,0.1450621974252654,0.20910640529731855,-0.06404420787205314
R1,inner_selected,dominicamaria,17,0.01816160118606375,0.02547630085877652,-0.007314699672712768
R1,inner_selected,dominicamaria,29,0.022872192958136955,0.01048213167598154,0.012390061282155414
R1,inner_selected,dominicamaria,43,0.01958575664927243,0.0021760726619045366,0.017409683987367894
R1,inner_selected,italy,17,0.040362525028980925,0.10856232846542202,-0.0681998034364411
R1,inner_selected,italy,29,0.08344723734507124,0.04637414608512874,0.0370730912599425
R1,inner_selected,italy,43,0.03001031095674825,0.11210868281157708,-0.08209837185482884
R1,inner_selected,hiroshima,17,0.23457726886022395,0.25092450617840717,-0.016347237318183216
R1,inner_selected,hiroshima,29,0.19578063192850514,0.3093943442021487,-0.11361371227364353
R1,inner_selected,hiroshima,43,0.11703940362087327,0.33348061416105157,-0.21644121054017829
R1,inner_selected,hokkaido,17,0.22912229368629441,0.384125662530715,-0.1550033688444206
R1,inner_selected,hokkaido,29,0.1362070505377853,0.32235460115891024,-0.18614755062112492
R1,inner_selected,hokkaido,43,0.2383654407472271,0.3185681083265966,-0.0802026675793695
R1,inner_selected,thrissur,17,0.16269550605368607,0.2809485659349463,-0.11825305988126025
R1,inner_selected,thrissur,29,0.17470435473139742,0.3096471875908539,-0.1349428328594565
R1,inner_selected,thrissur,43,0.1646999538067442,0.29808965386797803,-0.13338970006123382
source_selected,20000,dominicamaria,17,0.035137895812053115,0.0017884456994940582,0.033349450112559055
source_selected,20000,dominicamaria,29,0.016215965059009387,0.002935467070687941,0.013280497988321446
source_selected,20000,dominicamaria,43,0.030764307917352348,0.0016106873845279264,0.02915362053282442
source_selected,20000,italy,17,0.033647883526557024,0.12005714913726784,-0.08640926561071081
source_selected,20000,italy,29,0.034056474752621274,0.05185820914930691,-0.017801734396685635
source_selected,20000,italy,43,0.029331588703521972,0.07627191107310817,-0.0469403223695862
source_selected,20000,hiroshima,17,0.19080397157501175,0.22950049339786663,-0.03869652182285488
source_selected,20000,hiroshima,29,0.164983079310959,0.26655542809469185,-0.10157234878373284
source_selected,20000,hiroshima,43,0.163205958879649,0.2933666867937548,-0.13016072791410582
source_selected,20000,hokkaido,17,0.11061114457932697,0.2514600586437886,-0.14084891406446165
source_selected,20000,hokkaido,29,0.10528885326260858,0.3125817866007875,-0.20729293333817894
source_selected,20000,hokkaido,43,0.23055465870848205,0.2873261423283246,-0.05677148361984255
source_selected,20000,thrissur,17,0.164858819060482,0.204657428791378,-0.039798609730895995
source_selected,20000,thrissur,29,0.1348601068155344,0.16129228646224406,-0.026432179646709658
source_selected,20000,thrissur,43,0.17698316691612162,0.21819212241428165,-0.04120895549816003
