recipe,endpoint,region,pretrained_f1,scratch_f1,gain,positive_seed_pairs
R0,5000,dominicamaria,0.01764741222370045,0.019359754977626376,-0.0017123427539259238,1
R0,5000,italy,0.08315309187309798,0.14880965156572448,-0.06565655969262649,0
R0,5000,hiroshima,0.1943695337212177,0.3764120085588891,-0.18204247483767141,0
R0,5000,hokkaido,0.310188869801443,0.32796813816446074,-0.01777926836301774,1
R0,5000,thrissur,0.2796537442691259,0.2531443969481964,0.026509347320929504,2
R0,10000,dominicamaria,0.030629777698994963,0.004170344977142833,0.02645943272185213,3
R0,10000,italy,0.09107920329584437,0.13091540400977528,-0.039836200713930896,1
R0,10000,hiroshima,0.12991780165283673,0.3484306632120031,-0.21851286155916638,0
R0,10000,hokkaido,0.22490260665066403,0.2837041907652266,-0.05880158411456258,0
R0,10000,thrissur,0.23820894903551093,0.2680723803513289,-0.029863431315817996,1
R0,15000,dominicamaria,0.028724558016874353,0.00283711744378283,0.025887440573091527,3
R0,15000,italy,0.0719823100788676,0.08819663115935575,-0.016214321080488158,1
R0,15000,hiroshima,0.1437188415628993,0.2798808171944757,-0.13616197563157642,0
R0,15000,hokkaido,0.21716481643708452,0.2988864796023578,-0.08172166316527328,0
R0,15000,thrissur,0.22166530806859738,0.2069400503175029,0.014725257751094503,2
R0,20000,dominicamaria,0.027372722929471616,0.0022038503662260866,0.02516887256324553,3
R0,20000,italy,0.0631214598108873,0.08272908978656097,-0.019607629975673665,1
R0,20000,hiroshima,0.11981721754946402,0.25364645991183293,-0.1338292423623689,0
R0,20000,hokkaido,0.19819291514056872,0.2837893291909669,-0.08559641405039818,0
R0,20000,thrissur,0.21146037280471755,0.19471394588930124,0.016746426915416324,2
R0,inner_selected,dominicamaria,0.029037185231966512,0.004894952439331499,0.024142232792635013,3
R0,inner_selected,italy,0.08987543859920821,0.14880965156572448,-0.05893421296651626,0
R0,inner_selected,hiroshima,0.14649183488171774,0.3484306632120031,-0.20193882833028537,0
R0,inner_selected,hokkaido,0.22490260665066403,0.2689468408837404,-0.04404423423307635,0
R0,inner_selected,thrissur,0.27013278682366393,0.23173996515659517,0.038392821667068776,2
R1,5000,dominicamaria,0.021062677408908607,0.016612040176759234,0.004450637232149372,2
R1,5000,italy,0.059993194258416226,0.10936432783353468,-0.049371133575118464,0
R1,5000,hiroshima,0.2094664486683964,0.3245596633199902,-0.11509321465159378,0
R1,5000,hokkaido,0.13896875011901597,0.3776740450532427,-0.23870529493422674,0
R1,5000,thrissur,0.15494122102422037,0.31225791526888713,-0.1573166942446668,0
R1,10000,dominicamaria,0.017081296874200968,0.01146781253024997,0.005613484343950997,3
R1,10000,italy,0.03970339667357826,0.029546143051586093,0.010157253621992162,3
R1,10000,hiroshima,0.16504440333385062,0.31050221413767953,-0.1454578108038289,0
R1,10000,hokkaido,0.2012315949904356,0.3460482053788922,-0.14481661038845656,0
R1,10000,thrissur,0.15369994300882536,0.29622846913125944,-0.14252852612243405,0
R1,15000,dominicamaria,0.012788771596448093,0.005146658885631357,0.007642112710816737,3
R1,15000,italy,0.03461881817501914,0.022800998894347033,0.011817819280672107,3
R1,15000,hiroshima,0.1893065908065519,0.28192731918747416,-0.09262072838092225,0
R1,15000,hokkaido,0.15041050493741048,0.3190220758680289,-0.16861157093061838,0
R1,15000,thrissur,0.15531532950294574,0.24502532702790278,-0.08970999752495704,0
R1,20000,dominicamaria,0.011950821226397101,0.005328192713346817,0.006622628513050284,3
R1,20000,italy,0.03234531566090009,0.024510290300854394,0.007835025360045695,2
R1,20000,hiroshima,0.17299766992187326,0.26572009555743614,-0.09272242563556288,0
R1,20000,hokkaido,0.13180725143793248,0.2882844189794074,-0.15647716754147492,0
R1,20000,thrissur,0.1482603744337606,0.2394250988003767,-0.0911647243666161,0
R1,inner_selected,dominicamaria,0.02020651693115771,0.012711501732220866,0.007495015198936847,2
R1,inner_selected,italy,0.051273357776933474,0.08901505245404262,-0.037741694677109146,1
R1,inner_selected,hiroshima,0.18246576813653412,0.29793315484720245,-0.11546738671066835,0
R1,inner_selected,hokkaido,0.2012315949904356,0.34168279067207397,-0.14045119568163833,0
R1,inner_selected,thrissur,0.16736660486394256,0.29622846913125944,-0.12886186426731686,0
source_selected,20000,dominicamaria,0.027372722929471616,0.0021115333849033085,0.025261189544568307,3
source_selected,20000,italy,0.03234531566090009,0.08272908978656097,-0.050383774125660884,0
source_selected,20000,hiroshima,0.17299766992187326,0.26314086942877113,-0.09014319950689785,0
source_selected,20000,hokkaido,0.14881821885013918,0.2837893291909669,-0.1349711103408277,0
source_selected,20000,thrissur,0.15890069759737935,0.19471394588930124,-0.035813248291921895,0
