recipe,endpoint,pretrained_f1,scratch_f1,gain,negative_regions
R0,5000,0.17700253037771702,0.22513879004297943,-0.048136259665262415,4
R0,10000,0.1429476676667702,0.20705859666309534,-0.06411092899632514,4
R0,15000,0.13665116683286463,0.175348219143495,-0.038697052310630364,3
R0,20000,0.12399293764702184,0.16341653502897763,-0.03942359738195578,3
R0,inner_selected,0.1520879704374441,0.20056441465147892,-0.04847644421403484,3
R1,5000,0.11688645829579151,0.2280935983304828,-0.11120714003469127,4
R1,10000,0.11535212697617817,0.19875856884593346,-0.08340644186975527,3
R1,15000,0.10848800300367507,0.17478447597267685,-0.06629647296900176,3
R1,20000,0.09947228653617271,0.1646536192702843,-0.06518133273411159,3
R1,inner_selected,0.1245087685398007,0.20751419376735986,-0.08300542522755916,4
source_selected,20000,0.1080869249919527,0.16529695353610072,-0.05721002854414801,4
