recipe,region,seed,arm,step,role,region_macro_f1
R0,dominicamaria,17,pretrained,5000,train,0.6118662767333058
R0,dominicamaria,17,pretrained,5000,inner,0.46470000106536397
R0,dominicamaria,17,pretrained,10000,train,0.7490221616391144
R0,dominicamaria,17,pretrained,10000,inner,0.47621897420270415
R0,dominicamaria,17,pretrained,15000,train,0.8142207258948179
R0,dominicamaria,17,pretrained,15000,inner,0.47632878573314685
R0,dominicamaria,17,pretrained,20000,train,0.8400594678770026
R0,dominicamaria,17,pretrained,20000,inner,0.4660482222587502
R0,dominicamaria,17,scratch,5000,train,0.46517672460906917
R0,dominicamaria,17,scratch,5000,inner,0.39982501033778045
R0,dominicamaria,17,scratch,10000,train,0.6503435394429986
R0,dominicamaria,17,scratch,10000,inner,0.43252697034463267
R0,dominicamaria,17,scratch,15000,train,0.737080777642002
R0,dominicamaria,17,scratch,15000,inner,0.4634082471954903
R0,dominicamaria,17,scratch,20000,train,0.7783992025139724
R0,dominicamaria,17,scratch,20000,inner,0.45310838317840807
R0,dominicamaria,29,pretrained,5000,train,0.6393148284662713
R0,dominicamaria,29,pretrained,5000,inner,0.41999184533323103
R0,dominicamaria,29,pretrained,10000,train,0.7558111191903157
R0,dominicamaria,29,pretrained,10000,inner,0.44144733769382005
R0,dominicamaria,29,pretrained,15000,train,0.8212403131139564
R0,dominicamaria,29,pretrained,15000,inner,0.4450711034554207
R0,dominicamaria,29,pretrained,20000,train,0.8423471378487889
R0,dominicamaria,29,pretrained,20000,inner,0.45009747413773477
R0,dominicamaria,29,scratch,5000,train,0.5318222853142612
R0,dominicamaria,29,scratch,5000,inner,0.408624744887505
R0,dominicamaria,29,scratch,10000,train,0.6567136489926564
R0,dominicamaria,29,scratch,10000,inner,0.4199083898301638
R0,dominicamaria,29,scratch,15000,train,0.7496996595508923
R0,dominicamaria,29,scratch,15000,inner,0.4356415547141638
R0,dominicamaria,29,scratch,20000,train,0.7805690273090896
R0,dominicamaria,29,scratch,20000,inner,0.4365464298062491
R0,dominicamaria,43,pretrained,5000,train,0.5209604066443703
R0,dominicamaria,43,pretrained,5000,inner,0.34532409710168666
R0,dominicamaria,43,pretrained,10000,train,0.7522045695423684
R0,dominicamaria,43,pretrained,10000,inner,0.4612829646545653
R0,dominicamaria,43,pretrained,15000,train,0.8143342695810639
R0,dominicamaria,43,pretrained,15000,inner,0.4426110935242785
R0,dominicamaria,43,pretrained,20000,train,0.8384046218724939
R0,dominicamaria,43,pretrained,20000,inner,0.45144614378175485
R0,dominicamaria,43,scratch,5000,train,0.4848657933373827
R0,dominicamaria,43,scratch,5000,inner,0.35674934098995564
R0,dominicamaria,43,scratch,10000,train,0.6464394578733617
R0,dominicamaria,43,scratch,10000,inner,0.49023773398034887
R0,dominicamaria,43,scratch,15000,train,0.7469965881172586
R0,dominicamaria,43,scratch,15000,inner,0.43727373828064886
R0,dominicamaria,43,scratch,20000,train,0.7821651790125105
R0,dominicamaria,43,scratch,20000,inner,0.40972220035293666
R0,italy,17,pretrained,5000,train,0.6302382419416274
R0,italy,17,pretrained,5000,inner,0.3887938503480002
R0,italy,17,pretrained,10000,train,0.7254479004958458
R0,italy,17,pretrained,10000,inner,0.39874736008452494
R0,italy,17,pretrained,15000,train,0.8016599056291371
R0,italy,17,pretrained,15000,inner,0.37904460890422487
R0,italy,17,pretrained,20000,train,0.8258282461538292
R0,italy,17,pretrained,20000,inner,0.3705487689605899
R0,italy,17,scratch,5000,train,0.48142232551344477
R0,italy,17,scratch,5000,inner,0.35788683379533454
R0,italy,17,scratch,10000,train,0.6044397601853088
R0,italy,17,scratch,10000,inner,0.34525700598316994
R0,italy,17,scratch,15000,train,0.7236327295982621
R0,italy,17,scratch,15000,inner,0.35097764942184834
R0,italy,17,scratch,20000,train,0.7588957863502681
R0,italy,17,scratch,20000,inner,0.34939894868465154
R0,italy,29,pretrained,5000,train,0.6155885828788252
R0,italy,29,pretrained,5000,inner,0.3625441217279147
R0,italy,29,pretrained,10000,train,0.7279739635287503
R0,italy,29,pretrained,10000,inner,0.3935100535906501
R0,italy,29,pretrained,15000,train,0.7980451315141062
R0,italy,29,pretrained,15000,inner,0.39571772510190806
R0,italy,29,pretrained,20000,train,0.8309112135579082
R0,italy,29,pretrained,20000,inner,0.3691616335657162
R0,italy,29,scratch,5000,train,0.4557903310747891
R0,italy,29,scratch,5000,inner,0.40192233367450836
R0,italy,29,scratch,10000,train,0.6465232089004999
R0,italy,29,scratch,10000,inner,0.36635065418752927
R0,italy,29,scratch,15000,train,0.7215502671740277
R0,italy,29,scratch,15000,inner,0.36650674441991715
R0,italy,29,scratch,20000,train,0.7631136429848868
R0,italy,29,scratch,20000,inner,0.339107701168873
R0,italy,43,pretrained,5000,train,0.6242255641962032
R0,italy,43,pretrained,5000,inner,0.35657653034259185
R0,italy,43,pretrained,10000,train,0.7485678211611027
R0,italy,43,pretrained,10000,inner,0.3752085676989591
R0,italy,43,pretrained,15000,train,0.807428302778588
R0,italy,43,pretrained,15000,inner,0.34839817894694913
R0,italy,43,pretrained,20000,train,0.8313963773966271
R0,italy,43,pretrained,20000,inner,0.3612243574452064
R0,italy,43,scratch,5000,train,0.4801578861908738
R0,italy,43,scratch,5000,inner,0.37273842956155745
R0,italy,43,scratch,10000,train,0.6217115511200072
R0,italy,43,scratch,10000,inner,0.33473021605356285
R0,italy,43,scratch,15000,train,0.7262587474370784
R0,italy,43,scratch,15000,inner,0.32737504455115835
R0,italy,43,scratch,20000,train,0.7594251714869926
R0,italy,43,scratch,20000,inner,0.323401817758726
R0,hiroshima,17,pretrained,5000,train,0.558612520636231
R0,hiroshima,17,pretrained,5000,inner,0.36226846102761234
R0,hiroshima,17,pretrained,10000,train,0.6999059020417989
R0,hiroshima,17,pretrained,10000,inner,0.3828670162125406
R0,hiroshima,17,pretrained,15000,train,0.7565125292697723
R0,hiroshima,17,pretrained,15000,inner,0.3696683672971136
R0,hiroshima,17,pretrained,20000,train,0.7870618932815697
R0,hiroshima,17,pretrained,20000,inner,0.35022151768751303
R0,hiroshima,17,scratch,5000,train,0.47804521821564944
R0,hiroshima,17,scratch,5000,inner,0.3177817789697806
R0,hiroshima,17,scratch,10000,train,0.5968681601363446
R0,hiroshima,17,scratch,10000,inner,0.3322963191410241
R0,hiroshima,17,scratch,15000,train,0.686300660806042
R0,hiroshima,17,scratch,15000,inner,0.29690146760741326
R0,hiroshima,17,scratch,20000,train,0.7164672699740873
R0,hiroshima,17,scratch,20000,inner,0.28845928655628505
R0,hiroshima,29,pretrained,5000,train,0.578615580594198
R0,hiroshima,29,pretrained,5000,inner,0.37128886654527155
R0,hiroshima,29,pretrained,10000,train,0.6995764745905448
R0,hiroshima,29,pretrained,10000,inner,0.34274682450100363
R0,hiroshima,29,pretrained,15000,train,0.7525821001729731
R0,hiroshima,29,pretrained,15000,inner,0.3816478044599764
R0,hiroshima,29,pretrained,20000,train,0.7814720958116966
R0,hiroshima,29,pretrained,20000,inner,0.3607677405595565
R0,hiroshima,29,scratch,5000,train,0.44417059838519624
R0,hiroshima,29,scratch,5000,inner,0.325732333949135
R0,hiroshima,29,scratch,10000,train,0.5749227360608753
R0,hiroshima,29,scratch,10000,inner,0.35797353050721087
R0,hiroshima,29,scratch,15000,train,0.6838740175438593
R0,hiroshima,29,scratch,15000,inner,0.3131524437760539
R0,hiroshima,29,scratch,20000,train,0.7140167865043331
R0,hiroshima,29,scratch,20000,inner,0.3089579102529178
R0,hiroshima,43,pretrained,5000,train,0.5653767004291619
R0,hiroshima,43,pretrained,5000,inner,0.34748226136807897
R0,hiroshima,43,pretrained,10000,train,0.6993169109718629
R0,hiroshima,43,pretrained,10000,inner,0.38808814585361057
R0,hiroshima,43,pretrained,15000,train,0.7596161660852447
R0,hiroshima,43,pretrained,15000,inner,0.3613147066284582
R0,hiroshima,43,pretrained,20000,train,0.7821098822685584
R0,hiroshima,43,pretrained,20000,inner,0.3555565445796691
R0,hiroshima,43,scratch,5000,train,0.46550836277160756
R0,hiroshima,43,scratch,5000,inner,0.3147569188751135
R0,hiroshima,43,scratch,10000,train,0.6000894527632776
R0,hiroshima,43,scratch,10000,inner,0.35191114694893244
R0,hiroshima,43,scratch,15000,train,0.6873115754745803
R0,hiroshima,43,scratch,15000,inner,0.32155987040427825
R0,hiroshima,43,scratch,20000,train,0.719794196004061
R0,hiroshima,43,scratch,20000,inner,0.31945764929593606
R0,hokkaido,17,pretrained,5000,train,0.5483064112650271
R0,hokkaido,17,pretrained,5000,inner,0.33972959598793856
R0,hokkaido,17,pretrained,10000,train,0.6791983075163092
R0,hokkaido,17,pretrained,10000,inner,0.3635443519502594
R0,hokkaido,17,pretrained,15000,train,0.7442082621707946
R0,hokkaido,17,pretrained,15000,inner,0.32333770830921793
R0,hokkaido,17,pretrained,20000,train,0.772091051014995
R0,hokkaido,17,pretrained,20000,inner,0.319736759081074
R0,hokkaido,17,scratch,5000,train,0.42843165341389
R0,hokkaido,17,scratch,5000,inner,0.3083410743159078
R0,hokkaido,17,scratch,10000,train,0.5615665079671847
R0,hokkaido,17,scratch,10000,inner,0.30811834556802975
R0,hokkaido,17,scratch,15000,train,0.6558883054383217
R0,hokkaido,17,scratch,15000,inner,0.3142507976704965
R0,hokkaido,17,scratch,20000,train,0.7027386444181059
R0,hokkaido,17,scratch,20000,inner,0.31522423954455664
R0,hokkaido,29,pretrained,5000,train,0.5523694724365559
R0,hokkaido,29,pretrained,5000,inner,0.3183588748850206
R0,hokkaido,29,pretrained,10000,train,0.665901343919134
R0,hokkaido,29,pretrained,10000,inner,0.35515949332683844
R0,hokkaido,29,pretrained,15000,train,0.7429887063674864
R0,hokkaido,29,pretrained,15000,inner,0.34615784285901935
R0,hokkaido,29,pretrained,20000,train,0.7714857847797693
R0,hokkaido,29,pretrained,20000,inner,0.33039330899516095
R0,hokkaido,29,scratch,5000,train,0.4004040568079311
R0,hokkaido,29,scratch,5000,inner,0.29276715894531175
R0,hokkaido,29,scratch,10000,train,0.5623631708722381
R0,hokkaido,29,scratch,10000,inner,0.352086749015048
R0,hokkaido,29,scratch,15000,train,0.6658312740285355
R0,hokkaido,29,scratch,15000,inner,0.3366836654026065
R0,hokkaido,29,scratch,20000,train,0.7040752528322838
R0,hokkaido,29,scratch,20000,inner,0.30465774902137543
R0,hokkaido,43,pretrained,5000,train,0.5632372338828181
R0,hokkaido,43,pretrained,5000,inner,0.34675626032605356
R0,hokkaido,43,pretrained,10000,train,0.6657680078139961
R0,hokkaido,43,pretrained,10000,inner,0.3575219643964936
R0,hokkaido,43,pretrained,15000,train,0.7473975455944131
R0,hokkaido,43,pretrained,15000,inner,0.32793197496030413
R0,hokkaido,43,pretrained,20000,train,0.7709351677516396
R0,hokkaido,43,pretrained,20000,inner,0.31514047000322426
R0,hokkaido,43,scratch,5000,train,0.41772127670580717
R0,hokkaido,43,scratch,5000,inner,0.33404310663148706
R0,hokkaido,43,scratch,10000,train,0.566928864035988
R0,hokkaido,43,scratch,10000,inner,0.33365930492634144
R0,hokkaido,43,scratch,15000,train,0.6668780581502363
R0,hokkaido,43,scratch,15000,inner,0.2824527770452861
R0,hokkaido,43,scratch,20000,train,0.7046008684201348
R0,hokkaido,43,scratch,20000,inner,0.3165084148320772
R0,thrissur,17,pretrained,5000,train,0.5058495444176381
R0,thrissur,17,pretrained,5000,inner,0.41064501264823255
R0,thrissur,17,pretrained,10000,train,0.6831678230116379
R0,thrissur,17,pretrained,10000,inner,0.37293819269564304
R0,thrissur,17,pretrained,15000,train,0.7551439092130372
R0,thrissur,17,pretrained,15000,inner,0.364173196529619
R0,thrissur,17,pretrained,20000,train,0.7769740336355863
R0,thrissur,17,pretrained,20000,inner,0.3666579061392745
R0,thrissur,17,scratch,5000,train,0.3738957981784215
R0,thrissur,17,scratch,5000,inner,0.3601819371947168
R0,thrissur,17,scratch,10000,train,0.5679814198120631
R0,thrissur,17,scratch,10000,inner,0.39265622443039727
R0,thrissur,17,scratch,15000,train,0.6689117830640056
R0,thrissur,17,scratch,15000,inner,0.35373823547510524
R0,thrissur,17,scratch,20000,train,0.7021435271256684
R0,thrissur,17,scratch,20000,inner,0.3590911795278741
R0,thrissur,29,pretrained,5000,train,0.5442203521151623
R0,thrissur,29,pretrained,5000,inner,0.3805772656020905
R0,thrissur,29,pretrained,10000,train,0.672241487680428
R0,thrissur,29,pretrained,10000,inner,0.39354397087686355
R0,thrissur,29,pretrained,15000,train,0.7436741095194339
R0,thrissur,29,pretrained,15000,inner,0.3904117767665646
R0,thrissur,29,pretrained,20000,train,0.7765469955920361
R0,thrissur,29,pretrained,20000,inner,0.37079998037802603
R0,thrissur,29,scratch,5000,train,0.4250958091365204
R0,thrissur,29,scratch,5000,inner,0.36761652610161394
R0,thrissur,29,scratch,10000,train,0.5483957811771096
R0,thrissur,29,scratch,10000,inner,0.37426862342833705
R0,thrissur,29,scratch,15000,train,0.6576134591819547
R0,thrissur,29,scratch,15000,inner,0.40578127721352664
R0,thrissur,29,scratch,20000,train,0.6987536400016334
R0,thrissur,29,scratch,20000,inner,0.35906010468363836
R0,thrissur,43,pretrained,5000,train,0.5345968985778691
R0,thrissur,43,pretrained,5000,inner,0.3679398314377633
R0,thrissur,43,pretrained,10000,train,0.6860538624286372
R0,thrissur,43,pretrained,10000,inner,0.41011458889692076
R0,thrissur,43,pretrained,15000,train,0.7494527094415746
R0,thrissur,43,pretrained,15000,inner,0.3915848534294755
R0,thrissur,43,pretrained,20000,train,0.7800143319871062
R0,thrissur,43,pretrained,20000,inner,0.3855918478941507
R0,thrissur,43,scratch,5000,train,0.43950313504199434
R0,thrissur,43,scratch,5000,inner,0.36724004852725206
R0,thrissur,43,scratch,10000,train,0.5671477334968441
R0,thrissur,43,scratch,10000,inner,0.3630517513404526
R0,thrissur,43,scratch,15000,train,0.6563326171231993
R0,thrissur,43,scratch,15000,inner,0.3399127061997349
R0,thrissur,43,scratch,20000,train,0.7023888544187685
R0,thrissur,43,scratch,20000,inner,0.3453209660994623
R1,dominicamaria,17,pretrained,5000,train,0.696310633817884
R1,dominicamaria,17,pretrained,5000,inner,0.44679709987338134
R1,dominicamaria,17,pretrained,10000,train,0.7970385709565991
R1,dominicamaria,17,pretrained,10000,inner,0.4844658847766577
R1,dominicamaria,17,pretrained,15000,train,0.8768126653577716
R1,dominicamaria,17,pretrained,15000,inner,0.45367995288309215
R1,dominicamaria,17,pretrained,20000,train,0.9023497903210708
R1,dominicamaria,17,pretrained,20000,inner,0.4487083916422941
R1,dominicamaria,17,scratch,5000,train,0.5142190584908767
R1,dominicamaria,17,scratch,5000,inner,0.42918600026496484
R1,dominicamaria,17,scratch,10000,train,0.6717203638076956
R1,dominicamaria,17,scratch,10000,inner,0.4119513880944538
R1,dominicamaria,17,scratch,15000,train,0.7561703603317382
R1,dominicamaria,17,scratch,15000,inner,0.39166360709755205
R1,dominicamaria,17,scratch,20000,train,0.8030757599994333
R1,dominicamaria,17,scratch,20000,inner,0.37123865026539565
R1,dominicamaria,29,pretrained,5000,train,0.6999149168831541
R1,dominicamaria,29,pretrained,5000,inner,0.47889010538797566
R1,dominicamaria,29,pretrained,10000,train,0.8060179377563563
R1,dominicamaria,29,pretrained,10000,inner,0.4609431249089866
R1,dominicamaria,29,pretrained,15000,train,0.8763069358740301
R1,dominicamaria,29,pretrained,15000,inner,0.4366744257630346
R1,dominicamaria,29,pretrained,20000,train,0.9047468525534534
R1,dominicamaria,29,pretrained,20000,inner,0.4297650346119691
R1,dominicamaria,29,scratch,5000,train,0.5620852857794351
R1,dominicamaria,29,scratch,5000,inner,0.3875777570088464
R1,dominicamaria,29,scratch,10000,train,0.6588832611159868
R1,dominicamaria,29,scratch,10000,inner,0.4131693510195034
R1,dominicamaria,29,scratch,15000,train,0.7668574382254967
R1,dominicamaria,29,scratch,15000,inner,0.413759893603594
R1,dominicamaria,29,scratch,20000,train,0.8061863473421286
R1,dominicamaria,29,scratch,20000,inner,0.40301676410376225
R1,dominicamaria,43,pretrained,5000,train,0.6541676419030178
R1,dominicamaria,43,pretrained,5000,inner,0.434279723988315
R1,dominicamaria,43,pretrained,10000,train,0.7945818109485386
R1,dominicamaria,43,pretrained,10000,inner,0.4820746271692224
R1,dominicamaria,43,pretrained,15000,train,0.8727791512124541
R1,dominicamaria,43,pretrained,15000,inner,0.4298821986747469
R1,dominicamaria,43,pretrained,20000,train,0.9055311971521095
R1,dominicamaria,43,pretrained,20000,inner,0.4234676256546203
R1,dominicamaria,43,scratch,5000,train,0.5106043555188079
R1,dominicamaria,43,scratch,5000,inner,0.3792643939386209
R1,dominicamaria,43,scratch,10000,train,0.6312029344271616
R1,dominicamaria,43,scratch,10000,inner,0.4442667196357018
R1,dominicamaria,43,scratch,15000,train,0.7724792479916018
R1,dominicamaria,43,scratch,15000,inner,0.45517089720701925
R1,dominicamaria,43,scratch,20000,train,0.8139186490379413
R1,dominicamaria,43,scratch,20000,inner,0.43758554387967197
R1,italy,17,pretrained,5000,train,0.6968908587136836
R1,italy,17,pretrained,5000,inner,0.3764213602424905
R1,italy,17,pretrained,10000,train,0.803650580240564
R1,italy,17,pretrained,10000,inner,0.4120862868040426
R1,italy,17,pretrained,15000,train,0.864702255553345
R1,italy,17,pretrained,15000,inner,0.3936645640588619
R1,italy,17,pretrained,20000,train,0.8921557738793242
R1,italy,17,pretrained,20000,inner,0.3931186588599175
R1,italy,17,scratch,5000,train,0.48214995676926753
R1,italy,17,scratch,5000,inner,0.37291348216614706
R1,italy,17,scratch,10000,train,0.6452057029682029
R1,italy,17,scratch,10000,inner,0.33009441983364624
R1,italy,17,scratch,15000,train,0.7564693655918615
R1,italy,17,scratch,15000,inner,0.3091856038642212
R1,italy,17,scratch,20000,train,0.7996885199804061
R1,italy,17,scratch,20000,inner,0.3018264029164279
R1,italy,29,pretrained,5000,train,0.6718273902349725
R1,italy,29,pretrained,5000,inner,0.45067589379687834
R1,italy,29,pretrained,10000,train,0.8062482732616207
R1,italy,29,pretrained,10000,inner,0.4089288356004388
R1,italy,29,pretrained,15000,train,0.8682378006543038
R1,italy,29,pretrained,15000,inner,0.42472492206166684
R1,italy,29,pretrained,20000,train,0.8977341822701557
R1,italy,29,pretrained,20000,inner,0.40528010824098243
R1,italy,29,scratch,5000,train,0.47302738622440754
R1,italy,29,scratch,5000,inner,0.37094330281928634
R1,italy,29,scratch,10000,train,0.6514978995512232
R1,italy,29,scratch,10000,inner,0.3782229843178129
R1,italy,29,scratch,15000,train,0.7593480194001236
R1,italy,29,scratch,15000,inner,0.32769369523430963
R1,italy,29,scratch,20000,train,0.8034057728300031
R1,italy,29,scratch,20000,inner,0.3198740957865854
R1,italy,43,pretrained,5000,train,0.6816095591304964
R1,italy,43,pretrained,5000,inner,0.40869889584227204
R1,italy,43,pretrained,10000,train,0.7975381976312327
R1,italy,43,pretrained,10000,inner,0.41270279647742925
R1,italy,43,pretrained,15000,train,0.8642270631366888
R1,italy,43,pretrained,15000,inner,0.39341300442688854
R1,italy,43,pretrained,20000,train,0.8947583945357477
R1,italy,43,pretrained,20000,inner,0.3935011940643228
R1,italy,43,scratch,5000,train,0.45836689133026903
R1,italy,43,scratch,5000,inner,0.34652644006216304
R1,italy,43,scratch,10000,train,0.6547633968199723
R1,italy,43,scratch,10000,inner,0.3418054045312153
R1,italy,43,scratch,15000,train,0.7530436692763675
R1,italy,43,scratch,15000,inner,0.300607448508326
R1,italy,43,scratch,20000,train,0.7997884170395065
R1,italy,43,scratch,20000,inner,0.31061837331883074
R1,hiroshima,17,pretrained,5000,train,0.6345468389477523
R1,hiroshima,17,pretrained,5000,inner,0.39030586404076123
R1,hiroshima,17,pretrained,10000,train,0.7707250022961177
R1,hiroshima,17,pretrained,10000,inner,0.3708367861433488
R1,hiroshima,17,pretrained,15000,train,0.8342338456722259
R1,hiroshima,17,pretrained,15000,inner,0.36957037540765475
R1,hiroshima,17,pretrained,20000,train,0.8649614179237645
R1,hiroshima,17,pretrained,20000,inner,0.3580170655652422
R1,hiroshima,17,scratch,5000,train,0.4068508048221605
R1,hiroshima,17,scratch,5000,inner,0.28167225790180367
R1,hiroshima,17,scratch,10000,train,0.6130877905996436
R1,hiroshima,17,scratch,10000,inner,0.2886823597600048
R1,hiroshima,17,scratch,15000,train,0.7073619689472089
R1,hiroshima,17,scratch,15000,inner,0.3169305430366482
R1,hiroshima,17,scratch,20000,train,0.7589652388126255
R1,hiroshima,17,scratch,20000,inner,0.28974209967926656
R1,hiroshima,29,pretrained,5000,train,0.6475155582484333
R1,hiroshima,29,pretrained,5000,inner,0.3045729217101254
R1,hiroshima,29,pretrained,10000,train,0.7613478135744781
R1,hiroshima,29,pretrained,10000,inner,0.36753685400608227
R1,hiroshima,29,pretrained,15000,train,0.8232421032097952
R1,hiroshima,29,pretrained,15000,inner,0.3887850977048105
R1,hiroshima,29,pretrained,20000,train,0.8591033915120171
R1,hiroshima,29,pretrained,20000,inner,0.369856286581328
R1,hiroshima,29,scratch,5000,train,0.4815210055257904
R1,hiroshima,29,scratch,5000,inner,0.3166280520118421
R1,hiroshima,29,scratch,10000,train,0.5837591675811766
R1,hiroshima,29,scratch,10000,inner,0.30365859859664773
R1,hiroshima,29,scratch,15000,train,0.7070224454733574
R1,hiroshima,29,scratch,15000,inner,0.3059071248958558
R1,hiroshima,29,scratch,20000,train,0.7478326038893566
R1,hiroshima,29,scratch,20000,inner,0.2964432027433509
R1,hiroshima,43,pretrained,5000,train,0.6192237251807563
R1,hiroshima,43,pretrained,5000,inner,0.37481692125497407
R1,hiroshima,43,pretrained,10000,train,0.7650818054874429
R1,hiroshima,43,pretrained,10000,inner,0.3834222285576485
R1,hiroshima,43,pretrained,15000,train,0.8317874732034731
R1,hiroshima,43,pretrained,15000,inner,0.3781972205791172
R1,hiroshima,43,pretrained,20000,train,0.8621377257945146
R1,hiroshima,43,pretrained,20000,inner,0.37110138630252654
R1,hiroshima,43,scratch,5000,train,0.4910946454127105
R1,hiroshima,43,scratch,5000,inner,0.26486168783134706
R1,hiroshima,43,scratch,10000,train,0.6031203205644682
R1,hiroshima,43,scratch,10000,inner,0.33940571971035327
R1,hiroshima,43,scratch,15000,train,0.7182987657869744
R1,hiroshima,43,scratch,15000,inner,0.3237551762698627
R1,hiroshima,43,scratch,20000,train,0.7554491980715624
R1,hiroshima,43,scratch,20000,inner,0.30707166044735495
R1,hokkaido,17,pretrained,5000,train,0.6071342298375756
R1,hokkaido,17,pretrained,5000,inner,0.3189630522071474
R1,hokkaido,17,pretrained,10000,train,0.7271264928631599
R1,hokkaido,17,pretrained,10000,inner,0.34580712895013377
R1,hokkaido,17,pretrained,15000,train,0.8135856744492432
R1,hokkaido,17,pretrained,15000,inner,0.333719177106235
R1,hokkaido,17,pretrained,20000,train,0.8467394806474143
R1,hokkaido,17,pretrained,20000,inner,0.3270770734538488
R1,hokkaido,17,scratch,5000,train,0.40668888624031974
R1,hokkaido,17,scratch,5000,inner,0.32513172722537514
R1,hokkaido,17,scratch,10000,train,0.5713302301875092
R1,hokkaido,17,scratch,10000,inner,0.3041743582698681
R1,hokkaido,17,scratch,15000,train,0.6774866305326218
R1,hokkaido,17,scratch,15000,inner,0.27598647855025565
R1,hokkaido,17,scratch,20000,train,0.7315989931932368
R1,hokkaido,17,scratch,20000,inner,0.25264214730917617
R1,hokkaido,29,pretrained,5000,train,0.6137968626639229
R1,hokkaido,29,pretrained,5000,inner,0.3087987899534054
R1,hokkaido,29,pretrained,10000,train,0.7195975753028845
R1,hokkaido,29,pretrained,10000,inner,0.3637568486851338
R1,hokkaido,29,pretrained,15000,train,0.802640854509338
R1,hokkaido,29,pretrained,15000,inner,0.3429597946992508
R1,hokkaido,29,pretrained,20000,train,0.83824506090503
R1,hokkaido,29,pretrained,20000,inner,0.3350774150787153
R1,hokkaido,29,scratch,5000,train,0.36364108253393307
R1,hokkaido,29,scratch,5000,inner,0.27934022834808436
R1,hokkaido,29,scratch,10000,train,0.5802775194145542
R1,hokkaido,29,scratch,10000,inner,0.33564183418384336
R1,hokkaido,29,scratch,15000,train,0.6917101288585521
R1,hokkaido,29,scratch,15000,inner,0.28307613342707355
R1,hokkaido,29,scratch,20000,train,0.7350108444216241
R1,hokkaido,29,scratch,20000,inner,0.2980067766951709
R1,hokkaido,43,pretrained,5000,train,0.6126621039664889
R1,hokkaido,43,pretrained,5000,inner,0.2860925887462869
R1,hokkaido,43,pretrained,10000,train,0.734688427648173
R1,hokkaido,43,pretrained,10000,inner,0.32662027195037446
R1,hokkaido,43,pretrained,15000,train,0.8104447963574539
R1,hokkaido,43,pretrained,15000,inner,0.3053765109833419
R1,hokkaido,43,pretrained,20000,train,0.8423722237857155
R1,hokkaido,43,pretrained,20000,inner,0.29830732250129033
R1,hokkaido,43,scratch,5000,train,0.4000437997703218
R1,hokkaido,43,scratch,5000,inner,0.3027435694679997
R1,hokkaido,43,scratch,10000,train,0.5754203871071732
R1,hokkaido,43,scratch,10000,inner,0.30331134773214996
R1,hokkaido,43,scratch,15000,train,0.6924107268160228
R1,hokkaido,43,scratch,15000,inner,0.23617613716181718
R1,hokkaido,43,scratch,20000,train,0.7337426890407209
R1,hokkaido,43,scratch,20000,inner,0.23687931246821403
R1,thrissur,17,pretrained,5000,train,0.6049251909550795
R1,thrissur,17,pretrained,5000,inner,0.35404162924254046
R1,thrissur,17,pretrained,10000,train,0.7661481789114993
R1,thrissur,17,pretrained,10000,inner,0.3812445429968758
R1,thrissur,17,pretrained,15000,train,0.8357628320067231
R1,thrissur,17,pretrained,15000,inner,0.3760651729630816
R1,thrissur,17,pretrained,20000,train,0.8632433704583136
R1,thrissur,17,pretrained,20000,inner,0.3748281285252206
R1,thrissur,17,scratch,5000,train,0.4177467622133307
R1,thrissur,17,scratch,5000,inner,0.38080983624962994
R1,thrissur,17,scratch,10000,train,0.587591809311142
R1,thrissur,17,scratch,10000,inner,0.4059036125443077
R1,thrissur,17,scratch,15000,train,0.6999090605761566
R1,thrissur,17,scratch,15000,inner,0.37355354508958827
R1,thrissur,17,scratch,20000,train,0.7418002475620884
R1,thrissur,17,scratch,20000,inner,0.35567649681619146
R1,thrissur,29,pretrained,5000,train,0.6229331475411672
R1,thrissur,29,pretrained,5000,inner,0.39961269472581
R1,thrissur,29,pretrained,10000,train,0.7575994750433588
R1,thrissur,29,pretrained,10000,inner,0.3615140891842634
R1,thrissur,29,pretrained,15000,train,0.8248718014264327
R1,thrissur,29,pretrained,15000,inner,0.3894325497828696
R1,thrissur,29,pretrained,20000,train,0.8613605199812109
R1,thrissur,29,pretrained,20000,inner,0.3725667148556697
R1,thrissur,29,scratch,5000,train,0.4313155566990665
R1,thrissur,29,scratch,5000,inner,0.3568916620233287
R1,thrissur,29,scratch,10000,train,0.5700986201397512
R1,thrissur,29,scratch,10000,inner,0.3866008879274243
R1,thrissur,29,scratch,15000,train,0.687497745765964
R1,thrissur,29,scratch,15000,inner,0.38530697383041135
R1,thrissur,29,scratch,20000,train,0.7399895029113138
R1,thrissur,29,scratch,20000,inner,0.3416246700677836
R1,thrissur,43,pretrained,5000,train,0.6076630637824965
R1,thrissur,43,pretrained,5000,inner,0.3498755581800648
R1,thrissur,43,pretrained,10000,train,0.7451611841693134
R1,thrissur,43,pretrained,10000,inner,0.4176422340802721
R1,thrissur,43,pretrained,15000,train,0.8178019071911857
R1,thrissur,43,pretrained,15000,inner,0.38507510273079776
R1,thrissur,43,pretrained,20000,train,0.8565614042518235
R1,thrissur,43,pretrained,20000,inner,0.383867867497483
R1,thrissur,43,scratch,5000,train,0.4127833253667665
R1,thrissur,43,scratch,5000,inner,0.37961925993099077
R1,thrissur,43,scratch,10000,train,0.5786581330619284
R1,thrissur,43,scratch,10000,inner,0.3817769181821332
R1,thrissur,43,scratch,15000,train,0.6836076779246133
R1,thrissur,43,scratch,15000,inner,0.35310799245048474
R1,thrissur,43,scratch,20000,train,0.7411223887285575
R1,thrissur,43,scratch,20000,inner,0.34198238259432245
