run_id,region,seed,arm,selected_recipe,R0_inner_f1,R1_inner_f1,R0_outer_f1,R1_outer_f1
dominicamaria/seed17/pretrained,dominicamaria,17,pretrained,R0,0.4660482222587502,0.4487083916422941,0.035137895812053115,0.013301088270858524
dominicamaria/seed17/scratch,dominicamaria,17,scratch,R0,0.45310838317840807,0.37123865026539565,0.0017884456994940582,0.005121338125778185
dominicamaria/seed29/pretrained,dominicamaria,29,pretrained,R0,0.45009747413773477,0.4297650346119691,0.016215965059009387,0.011474683396692865
dominicamaria/seed29/scratch,dominicamaria,29,scratch,R0,0.4365464298062491,0.40301676410376225,0.002935467070687941,0.00925255262973434
dominicamaria/seed43/pretrained,dominicamaria,43,pretrained,R0,0.45144614378175485,0.4234676256546203,0.030764307917352348,0.011076692011639914
dominicamaria/seed43/scratch,dominicamaria,43,scratch,R1,0.40972220035293666,0.43758554387967197,0.0018876383284962602,0.0016106873845279264
italy/seed17/pretrained,italy,17,pretrained,R1,0.3705487689605899,0.3931186588599175,0.06200264392545167,0.033647883526557024
italy/seed17/scratch,italy,17,scratch,R0,0.34939894868465154,0.3018264029164279,0.12005714913726784,0.014831548963756016
italy/seed29/pretrained,italy,29,pretrained,R1,0.3691616335657162,0.40528010824098243,0.06444774220903117,0.034056474752621274
italy/seed29/scratch,italy,29,scratch,R0,0.339107701168873,0.3198740957865854,0.05185820914930691,0.046018065584802134
italy/seed43/pretrained,italy,43,pretrained,R1,0.3612243574452064,0.3935011940643228,0.06291399329817908,0.029331588703521972
italy/seed43/scratch,italy,43,scratch,R0,0.323401817758726,0.31061837331883074,0.07627191107310817,0.01268125635400503
hiroshima/seed17/pretrained,hiroshima,17,pretrained,R1,0.35022151768751303,0.3580170655652422,0.1304516228987528,0.19080397157501175
hiroshima/seed17/scratch,hiroshima,17,scratch,R1,0.28845928655628505,0.28974209967926656,0.20101726484705207,0.22950049339786663
hiroshima/seed29/pretrained,hiroshima,29,pretrained,R1,0.3607677405595565,0.369856286581328,0.11724785967842974,0.164983079310959
hiroshima/seed29/scratch,hiroshima,29,scratch,R0,0.3089579102529178,0.2964432027433509,0.26655542809469185,0.2970079262978794
hiroshima/seed43/pretrained,hiroshima,43,pretrained,R1,0.3555565445796691,0.37110138630252654,0.11175217007120952,0.163205958879649
hiroshima/seed43/scratch,hiroshima,43,scratch,R0,0.31945764929593606,0.30707166044735495,0.2933666867937548,0.27065186697656235
hokkaido/seed17/pretrained,hokkaido,17,pretrained,R1,0.319736759081074,0.3270770734538488,0.20413745939476835,0.11061114457932697
hokkaido/seed17/scratch,hokkaido,17,scratch,R0,0.31522423954455664,0.25264214730917617,0.2514600586437886,0.29135481533962276
hokkaido/seed29/pretrained,hokkaido,29,pretrained,R1,0.33039330899516095,0.3350774150787153,0.15988662731845577,0.10528885326260858
hokkaido/seed29/scratch,hokkaido,29,scratch,R0,0.30465774902137543,0.2980067766951709,0.3125817866007875,0.25463362307300996
hokkaido/seed43/pretrained,hokkaido,43,pretrained,R0,0.31514047000322426,0.29830732250129033,0.23055465870848205,0.1795217564718619
hokkaido/seed43/scratch,hokkaido,43,scratch,R0,0.3165084148320772,0.23687931246821403,0.2873261423283246,0.31886481852558946
thrissur/seed17/pretrained,thrissur,17,pretrained,R1,0.3666579061392745,0.3748281285252206,0.23553519302518897,0.164858819060482
thrissur/seed17/scratch,thrissur,17,scratch,R0,0.3590911795278741,0.35567649681619146,0.204657428791378,0.24617404221508274
thrissur/seed29/pretrained,thrissur,29,pretrained,R1,0.37079998037802603,0.3725667148556697,0.2218627584728421,0.1348601068155344
thrissur/seed29/scratch,thrissur,29,scratch,R0,0.35906010468363836,0.3416246700677836,0.16129228646224406,0.2629948488887288
thrissur/seed43/pretrained,thrissur,43,pretrained,R0,0.3855918478941507,0.383867867497483,0.17698316691612162,0.1450621974252654
thrissur/seed43/scratch,thrissur,43,scratch,R0,0.3453209660994623,0.34198238259432245,0.21819212241428165,0.20910640529731855
