recipe,step,region,matched_tiles,matched_positive_pixels,complement_positive_pixels,covered_pretrained_f1,covered_scratch_f1,covered_gain,matched_pretrained_f1,matched_scratch_f1,matched_gain,full_pretrained_f1,full_scratch_f1,full_gain,complement_pretrained_f1,complement_scratch_f1,complement_gain,matched_minus_covered_gain
R0,5000,dominicamaria,48,3234,38837,0.21546098638339323,0.10128687900618645,0.11417410737720678,0.03844685317524846,0.022856962285791278,0.015589890889457177,0.01764741222370045,0.019359754977626376,-0.0017123427539259238,0.015580262437886822,0.018988600043301565,-0.0034083376054147435,-0.0985842164877496
R0,5000,italy,43,2005,31796,0.2911290328261788,0.2441857270466788,0.046943305779500004,0.23927693126811725,0.2127401900562933,0.02653674121182395,0.08315309187309798,0.14880965156572448,-0.06565655969262649,0.06611304916262144,0.14306398012529992,-0.07695093096267848,-0.02040656456767605
R0,5000,hiroshima,51,18335,14964,0.4630236651051805,0.5577884881301591,-0.09476482302497864,0.2568530523652892,0.4861119722685359,-0.22925891990324673,0.1943695337212177,0.3764120085588891,-0.18204247483767141,0.12642866266771374,0.24175619915695967,-0.11532753648924593,-0.13449409687826808
R0,5000,hokkaido,71,124416,137327,0.5763842163305761,0.582507328171473,-0.006123111840896829,0.3112254688723084,0.37044290401072955,-0.05921743513842118,0.310188869801443,0.32796813816446074,-0.01777926836301774,0.30928055922350434,0.28962130792517404,0.019659251298330294,-0.05309432329752436
R0,5000,thrissur,42,5004,34456,0.3149943912702882,0.27630076989782254,0.038693621372465646,0.12465307652825833,0.12058274479462897,0.004070331733629362,0.2796537442691259,0.2531443969481964,0.026509347320929504,0.3036288354193423,0.2795297371274602,0.024099098291882125,-0.034623289638836284
R0,10000,dominicamaria,48,3234,38837,0.21577159716478836,0.09164852746088366,0.1241230697039047,0.06747689271768183,0.007929428089999009,0.05954746462768282,0.030629777698994963,0.004170344977142833,0.02645943272185213,0.02737174862582871,0.0038483515271121923,0.02352339709871652,-0.06457560507622188
R0,10000,italy,43,2005,31796,0.3407150235826492,0.3176609213987227,0.023054102183926468,0.24608016400548557,0.21252239771580136,0.0335577662896842,0.09107920329584437,0.13091540400977528,-0.039836200713930896,0.07448174346719047,0.12466613370215769,-0.050184390234967215,0.010503664105757732
R0,10000,hiroshima,51,18335,14964,0.4760278286320267,0.5650239067057002,-0.0889960780736736,0.16633800796770967,0.4656072648665794,-0.2992692568988697,0.12991780165283673,0.3484306632120031,-0.21851286155916638,0.08829018456051116,0.1923565992706944,-0.10406641471018324,-0.2102731788251961
R0,10000,hokkaido,71,124416,137327,0.5903580007264942,0.5826474793774895,0.0077105213490047024,0.2137377342702783,0.3301562305073812,-0.11641849623710285,0.22490260665066403,0.2837041907652266,-0.05880158411456258,0.23419819569758338,0.24142639222464524,-0.007228196527061849,-0.12412901758610755
R0,10000,thrissur,42,5004,34456,0.34810748543917397,0.2946968202855975,0.053410665153576474,0.12391478569471887,0.09793598799962218,0.025978797695096686,0.23820894903551093,0.2680723803513289,-0.029863431315817996,0.25557557550097915,0.3027201072316826,-0.0471445317307034,-0.027431867458479784
R0,15000,dominicamaria,48,3234,38837,0.19365056719502433,0.08796643884090614,0.10568412835411818,0.10008328768138464,0.005933589484820644,0.094149698196564,0.028724558016874353,0.00283711744378283,0.025887440573091527,0.02213914296598525,0.00257764183307475,0.019561501132910504,-0.011534430157554176
R0,15000,italy,43,2005,31796,0.3454080866246164,0.29575520099019786,0.04965288563441855,0.21634204787914196,0.1542792783001749,0.06206276957896706,0.0719823100788676,0.08819663115935575,-0.016214321080488158,0.058119754623421865,0.08323204927197757,-0.02511229464855571,0.012409883944548505
R0,15000,hiroshima,51,18335,14964,0.4634509862883771,0.5491232666385941,-0.085672280350217,0.1833569210640362,0.3871904803802511,-0.20383355931621494,0.1437188415628993,0.2798808171944757,-0.13616197563157642,0.09866131120277066,0.13106403564872826,-0.0324027244459576,-0.11816127896599794
R0,15000,hokkaido,71,124416,137327,0.5744568030412732,0.5620825875618587,0.012374215479414493,0.20512079586851598,0.34090590765220846,-0.13578511178369249,0.21716481643708452,0.2988864796023578,-0.08172166316527328,0.22721463713969248,0.26224067964497993,-0.035026042505287486,-0.14815932726310696
R0,15000,thrissur,42,5004,34456,0.3375001324859346,0.2869445790943525,0.050555553391582055,0.09638900585945198,0.08812999980375254,0.00825900605569945,0.22166530806859738,0.2069400503175029,0.014725257751094503,0.240306296413518,0.22823890771667735,0.012067388696840662,-0.04229654733588261
R0,20000,dominicamaria,48,3234,38837,0.18189721993246968,0.08229540850991132,0.09960181142255836,0.09498863683246166,0.004700572841352163,0.09028806399110949,0.027372722929471616,0.0022038503662260866,0.02516887256324553,0.02119914580469816,0.001994769894619231,0.019204375910078928,-0.009313747431448865
R0,20000,italy,43,2005,31796,0.34362728636396417,0.2936111466210332,0.050016139742930975,0.19790376735797624,0.10714935070818639,0.09075441664978984,0.0631214598108873,0.08272908978656097,-0.019607629975673665,0.05049632437282491,0.08083362544634777,-0.030337301073522862,0.04073827690685886
R0,20000,hiroshima,51,18335,14964,0.45325864882820577,0.5320836409654608,-0.07882499213725504,0.15475839813658637,0.353447986817583,-0.19868958868099662,0.11981721754946402,0.25364645991183293,-0.1338292423623689,0.07934793494679913,0.1148670353317183,-0.035519100384919164,-0.11986459654374157
R0,20000,hokkaido,71,124416,137327,0.570304039363361,0.5528130135093214,0.01749102585403961,0.18673522588278535,0.32590082188769026,-0.1391655960049049,0.19819291514056872,0.2837893291909669,-0.08559641405039818,0.20784193830219627,0.24648762137698402,-0.038645683074787746,-0.15665662185894452
R0,20000,thrissur,42,5004,34456,0.32537703066779977,0.2818711173155956,0.0435059133522042,0.09026286205571933,0.0846561044814813,0.00560675757423804,0.21146037280471755,0.19471394588930124,0.016746426915416324,0.22939538025399706,0.21310790772188978,0.016287472532107272,-0.03789915577796616
R1,5000,dominicamaria,48,3234,38837,0.20287004407000167,0.1318420720271877,0.07102797204281396,0.06632587064368434,0.034349720467403026,0.03197615017628131,0.021062677408908607,0.016612040176759234,0.004450637232149372,0.016848438750989972,0.014866562519667267,0.001981876231322704,-0.039051821866532645
R1,5000,italy,43,2005,31796,0.2900702874737654,0.22723141177862527,0.0628388756951401,0.11242621538505075,0.19078739833145675,-0.078361182946406,0.059993194258416226,0.10936432783353468,-0.049371133575118464,0.05432628465197472,0.1019716884675741,-0.047645403815599376,-0.1412000586415461
R1,5000,hiroshima,51,18335,14964,0.46032642263949425,0.5603788371567028,-0.10005241451720849,0.2867335763096655,0.4531851233117739,-0.1664515470021084,0.2094664486683964,0.3245596633199902,-0.11509321465159378,0.11437125507140453,0.17642909133471407,-0.06205783626330954,-0.0663991324848999
R1,5000,hokkaido,71,124416,137327,0.6034863367839834,0.5873236461663949,0.016162690617588498,0.12578628073907427,0.4077780573068809,-0.2819917765678066,0.13896875011901597,0.3776740450532427,-0.23870529493422674,0.1502716338938268,0.3544287248128545,-0.20415709091902767,-0.2981544671853951
R1,5000,thrissur,42,5004,34456,0.3375279420968982,0.217927251954566,0.11960069014233217,0.0823470391765856,0.10155783977843225,-0.019210800601846646,0.15494122102422037,0.31225791526888713,-0.1573166942446668,0.16644117108305098,0.35102508610530836,-0.18458391502225738,-0.1388114907441788
R1,10000,dominicamaria,48,3234,38837,0.1920339232445987,0.13329941783613888,0.05873450540845982,0.04995963863615362,0.023246586003026353,0.026713052633127263,0.017081296874200968,0.01146781253024997,0.005613484343950997,0.01412222469386452,0.010367597882594129,0.003754626811270391,-0.03202145277533256
R1,10000,italy,43,2005,31796,0.3519986976304963,0.2723240741664025,0.0796746234640938,0.17618507449312698,0.045920551891614377,0.1302645226015126,0.03970339667357826,0.029546143051586093,0.010157253621992162,0.025969885796162825,0.028492701246298893,-0.00252281545013607,0.0505898991374188
R1,10000,hiroshima,51,18335,14964,0.4791384774248032,0.5396921556686824,-0.060553678243879284,0.21861924477442415,0.42068456700281687,-0.20206532222839269,0.16504440333385062,0.31050221413767953,-0.1454578108038289,0.10226907842804626,0.16656254988687377,-0.06429347145882751,-0.14151164398451338
R1,10000,hokkaido,71,124416,137327,0.6056419627648109,0.6147220303639638,-0.009080067599152955,0.18104341442202904,0.3884664047309322,-0.20742299030890318,0.2012315949904356,0.3460482053788922,-0.14481661038845656,0.21784429077848835,0.3098217786651914,-0.09197748788670301,-0.19834292270975024
R1,10000,thrissur,42,5004,34456,0.36438111903226106,0.22951762341116758,0.1348634956210935,0.10141740856386473,0.03990295716568466,0.06151445139818008,0.15369994300882536,0.29622846913125944,-0.14252852612243405,0.16184574390383571,0.3450992728586828,-0.1832535289548471,-0.07334904422291343
R1,15000,dominicamaria,48,3234,38837,0.18563192745706839,0.10174865142664218,0.08388327603042621,0.02962540143688538,0.0002055076037813399,0.029419893833104043,0.012788771596448093,0.005146658885631357,0.007642112710816737,0.0112733843653088,0.005549683849556662,0.005723700515752138,-0.05446338219732216
R1,15000,italy,43,2005,31796,0.3452489661803792,0.2601895562865745,0.08505940989380474,0.16514659208225796,0.0540374067402937,0.11110918534196425,0.03461881817501914,0.022800998894347033,0.011817819280672107,0.022995827235607287,0.02064987896375035,0.002345948271856937,0.026049775448159507
R1,15000,hiroshima,51,18335,14964,0.4745333084220334,0.5030169436908402,-0.02848363526880678,0.24748924386628704,0.3850271008037782,-0.13753785693749118,0.1893065908065519,0.28192731918747416,-0.09262072838092225,0.12171846001286554,0.15319391108361347,-0.03147545107074792,-0.10905422166868439
R1,15000,hokkaido,71,124416,137327,0.5897806452021899,0.5967538011369453,-0.006973155934755411,0.12924446626904496,0.34496663939947153,-0.21572217313042658,0.15041050493741048,0.3190220758680289,-0.16861157093061838,0.16820125787806783,0.29695757401277173,-0.1287563161347039,-0.20874901719567118
R1,15000,thrissur,42,5004,34456,0.33854517601347917,0.2222514642013378,0.11629371181214139,0.09278311287813752,0.0584551188740916,0.03432799400404593,0.15531532950294574,0.24502532702790278,-0.08970999752495704,0.16512188371668304,0.2786558018030581,-0.11353391808637509,-0.08196571780809546
R1,20000,dominicamaria,48,3234,38837,0.17493435283232484,0.08761313409009493,0.0873212187422299,0.018993593557254593,0.001234186979327368,0.017759406577927225,0.011950821226397101,0.005328192713346817,0.006622628513050284,0.011310708636185395,0.005663758070652175,0.00564695056553322,-0.06956181216430268
R1,20000,italy,43,2005,31796,0.33703188642283916,0.24147884800327096,0.0955530384195682,0.16650030444910527,0.05328809618495981,0.11321220826414546,0.03234531566090009,0.024510290300854394,0.007835025360045695,0.020432565750761213,0.022633123139542802,-0.002200557388781587,0.01765916984457726
R1,20000,hiroshima,51,18335,14964,0.4662932513852978,0.48384411088498985,-0.017550859499692057,0.2272186779135734,0.3694276440232198,-0.14220896610964645,0.17299766992187326,0.26572009555743614,-0.09272242563556288,0.10901619624497781,0.13371304027821831,-0.024696844033240514,-0.12465810660995438
R1,20000,hokkaido,71,124416,137327,0.5838901738516907,0.5860976965978321,-0.0022075227461413327,0.11346808730281933,0.3158167147287043,-0.202348627425885,0.13180725143793248,0.2882844189794074,-0.15647716754147492,0.14733111499626705,0.26441480373910764,-0.1170836887428406,-0.20014110467974366
R1,20000,thrissur,42,5004,34456,0.33269709331965763,0.2223757367876471,0.11032135653201051,0.08604032479343182,0.053109144014787196,0.03293118077864463,0.1482603744337606,0.2394250988003767,-0.0911647243666161,0.15785303802626893,0.27354498441920905,-0.1156919463929401,-0.07739017575336589
