recipe,step,region,seed,matched_tiles,matched_positive_pixels,complement_positive_pixels,covered_pretrained_f1,covered_scratch_f1,covered_gain,matched_pretrained_f1,matched_scratch_f1,matched_gain,full_pretrained_f1,full_scratch_f1,full_gain,complement_pretrained_f1,complement_scratch_f1,complement_gain,matched_minus_covered_gain
R0,5000,dominicamaria,17,48,3234,38837,0.21289207769708035,0.0903462501896416,0.12254582750743875,0.04009753454348415,0.04182879377431906,-0.0017312592308349126,0.01898573765581438,0.02570012176030614,-0.006714384104491759,0.017023419793502897,0.024116523400191024,-0.007093103606688127,-0.12427708673827367
R0,5000,dominicamaria,29,48,3234,38837,0.22141823112689996,0.13088706476895115,0.0905311663579488,0.019885507683037058,0.02674209308305477,-0.006856585400017712,0.004721212407346207,0.027292481529769666,-0.022571269122423458,0.003432113310964834,0.02734328641617811,-0.023911173105213276,-0.09738775175796652
R0,5000,dominicamaria,43,48,3234,38837,0.2120726503261994,0.0826273220599666,0.12944532826623278,0.055357517299224154,0.0,0.055357517299224154,0.029235286607940763,0.005086661642803316,0.024148624965137446,0.026285254209192734,0.005505990313535559,0.020779263895657173,-0.07408781096700863
R0,5000,italy,17,43,2005,31796,0.32004151014179266,0.2527362240777865,0.06730528606400615,0.2919847328244275,0.2634704200571806,0.02851431276724692,0.09358622410781132,0.15595932152223543,-0.06237309741442411,0.07040526227771894,0.14587030998472778,-0.07546504770700883,-0.038790973296759235
R0,5000,italy,29,43,2005,31796,0.30955525699970154,0.2353416136458265,0.07421364335387504,0.14332411365350767,0.15557959257256174,-0.01225547891905407,0.0561949038437111,0.1391291268707227,-0.08293422302701162,0.04640253207483185,0.1372137444638022,-0.09081121238897033,-0.0864691222729291
R0,5000,italy,43,43,2005,31796,0.24379033133704217,0.24447934341642336,-0.0006890120793811849,0.2825219473264166,0.2191705575391376,0.063351389787279,0.09967814766777153,0.15134050630421528,-0.05166235863644375,0.08153135313531353,0.1461078859273698,-0.06457653279205629,0.06404040186666018
R0,5000,hiroshima,17,51,18335,14964,0.5127320780891413,0.5586567825424271,-0.04592470445328578,0.24178210082938903,0.4885120036669913,-0.2467299028376023,0.18171252318902126,0.37002086342481144,-0.18830834023579018,0.11799926308032424,0.21909210334257773,-0.10109284026225349,-0.2008051983843165
R0,5000,hiroshima,29,51,18335,14964,0.43759478756807957,0.5661569103930055,-0.12856212282492596,0.1623898889314439,0.4612238574748257,-0.2988339685433818,0.1235106221163109,0.3568616617169694,-0.2333510396006585,0.07974997305744154,0.22549822549822549,-0.14574825244078393,-0.17027184571845583
R0,5000,hiroshima,43,51,18335,14964,0.43874412965832066,0.5485517714550449,-0.1098076417967242,0.3663871673350346,0.5086000556637907,-0.14221288832875612,0.277885455858321,0.4023535005348865,-0.12446804467656553,0.18153675186537546,0.28067826863007583,-0.09914151676470037,-0.03240524653203192
R0,5000,hokkaido,17,71,124416,137327,0.5771242554532401,0.5739939777889993,0.003130277664240788,0.35813167563210196,0.3595285833048071,-0.0013969076727051166,0.3451614940391403,0.31781607204394985,0.027345421995190466,0.3344358126297977,0.27857865721180725,0.05585715541799047,-0.004527185336945905
R0,5000,hokkaido,29,71,124416,137327,0.5738822337076319,0.5854723969739208,-0.011590163266288922,0.27843247462919596,0.39612907146329607,-0.11769659683410011,0.27558643273789896,0.34489779081620525,-0.0693113580783063,0.27320870486217996,0.3012193321261764,-0.028010627263996446,-0.10610643356781119
R0,5000,hokkaido,43,71,124416,137327,0.5781461598308564,0.5880556097514987,-0.009909449920642355,0.2971122563556272,0.35567105726408554,-0.05855880090845833,0.3098186826272898,0.3211905516332272,-0.011371869005937396,0.32019716017853533,0.2890659344375385,0.03113122574099686,-0.048649350987815976
R0,5000,thrissur,17,42,5004,34456,0.34334699969589316,0.26828340001466555,0.07506359968122761,0.16894182317911133,0.10964731714011253,0.0592945060389988,0.35543183052688754,0.336752583087769,0.01867924743911853,0.38788361897170187,0.3870134997646273,0.0008701192070745822,-0.01576909364222881
R0,5000,thrissur,29,42,5004,34456,0.31031046469121554,0.27880511177637,0.03150535291484552,0.14417344173441735,0.11936017650303364,0.024813265231383705,0.30428116912019254,0.2071503862037981,0.09713078291639443,0.3264578367523132,0.22345613244273246,0.10300170430958075,-0.006692087683461814
R0,5000,thrissur,43,42,5004,34456,0.2913257094237559,0.2818137979024321,0.009511911521323801,0.06084396467124632,0.13274074074074074,-0.07189677606949442,0.1792482331602977,0.21553022155302215,-0.03628198839272445,0.1965450505340119,0.22811957917502085,-0.03157452864100896,-0.08140868759081822
R0,10000,dominicamaria,17,48,3234,38837,0.20805440563387106,0.07407851235750879,0.13397589327636228,0.09361233480176212,0.0,0.09361233480176212,0.042019075040489476,0.0028883259546864273,0.03913074908580305,0.03742896335488928,0.0031287667017156928,0.03430019665317359,-0.04036355847460016
R0,10000,dominicamaria,29,48,3234,38837,0.2131595211983046,0.10050756505799464,0.11265195614030997,0.046888567293777134,0.0,0.046888567293777134,0.014502214968524132,0.001613209337635225,0.012889005630888907,0.011664764802840117,0.0017472634770543194,0.009917501325785796,-0.06576338884653284
R0,10000,dominicamaria,43,48,3234,38837,0.2261008646621894,0.10035950496714753,0.12574135969504185,0.06192977605750622,0.023788284269997028,0.038141491787509196,0.03536804308797128,0.008009499639106847,0.02735854344886443,0.033021517719756734,0.006669024402566564,0.026352493317190168,-0.08759986790753266
R0,10000,italy,17,43,2005,31796,0.3395448729463334,0.3118452285619958,0.027699644384337585,0.23737039488197662,0.2051996285979573,0.032170766284019325,0.09891992196793073,0.18283799276832172,-0.08391807080039099,0.08218447508066451,0.180999102830855,-0.09881462775019048,0.00447112189968174
R0,10000,italy,29,43,2005,31796,0.3334705530924743,0.29536720208223294,0.03810335101024137,0.22641509433962265,0.15954415954415954,0.0668709347954631,0.0901387326584177,0.0848718008867203,0.005266931771697389,0.07576888004642295,0.07889536356726627,-0.003126483520843326,0.028767583785221734
R0,10000,italy,43,43,2005,31796,0.3491296447091399,0.3457703335519394,0.003359311157200451,0.27445500279485746,0.2728234050052873,0.0016315977895701717,0.0841789552611847,0.12503641837428378,-0.04085746311309908,0.06549187527448397,0.1141039347083518,-0.04861205943386783,-0.0017277133676302792
R0,10000,hiroshima,17,51,18335,14964,0.4926870966587433,0.5783537835956201,-0.08566668693687679,0.21243833848139781,0.434421768707483,-0.2219834302260852,0.16086352671718526,0.31952572774948695,-0.1586622010323017,0.10304909560723514,0.17410022386774582,-0.07105112826051067,-0.1363167432892084
R0,10000,hiroshima,29,51,18335,14964,0.4614058743976757,0.5562483356212098,-0.09484246122353407,0.10699505400222065,0.49760231961637114,-0.3906072656141505,0.09458591910977958,0.3764393975691949,-0.28185347845941533,0.08059191804211724,0.21394653206206768,-0.13335461401995044,-0.2957648043906164
R0,10000,hiroshima,43,51,18335,14964,0.47399051483966104,0.560469600900271,-0.08647908606060994,0.17958063141951058,0.464797706275884,-0.28521707485637343,0.13430395913154533,0.34932686431732746,-0.21502290518578213,0.08122954003218111,0.1890230418822697,-0.1077935018500886,-0.1987379887957635
R0,10000,hokkaido,17,71,124416,137327,0.5984472548201232,0.5847563000344829,0.013690954785640308,0.23290101866271798,0.4085514621734155,-0.1756504435106975,0.24997110695051197,0.34974431342195245,-0.09977320647144047,0.26408978609286904,0.29445645007691745,-0.030366663984048414,-0.1893413982963378
R0,10000,hokkaido,29,71,124416,137327,0.582073681735831,0.5819584582218968,0.00011522351393411512,0.17216702275508722,0.2919584894245759,-0.1197914666694887,0.18005807712160413,0.23418991237420533,-0.05413183525260121,0.18672587053049777,0.18299083344503675,0.0037350370854610238,-0.11990669018342281
R0,10000,hokkaido,43,71,124416,137327,0.5905530656235285,0.5812276798760888,0.009325385747439685,0.23614516139302977,0.2899587399241521,-0.05381357853112234,0.24467863587987598,0.26717834649952205,-0.022499710619646063,0.2517789304693833,0.24683189315198148,0.004947037317401842,-0.06313896427856203
R0,10000,thrissur,17,42,5004,34456,0.35558226508660123,0.26182104091764624,0.09376122416895499,0.12614746816701214,0.0935933147632312,0.03255415340378094,0.25966031716242843,0.259470475126136,0.00018984203629240914,0.27903977993165846,0.3026386645126548,-0.02359888458099635,-0.06120707076517405
R0,10000,thrissur,29,42,5004,34456,0.33629804956489007,0.3365063859849548,-0.0002083364200647364,0.11588977594643317,0.06797477224947442,0.04791500369695875,0.2454244255062809,0.24864605975758022,-0.0032216342512993157,0.2660914227015922,0.2824774735368734,-0.01638605083528122,0.04812334011702349
R0,10000,thrissur,43,42,5004,34456,0.3524421416660306,0.28576303395419145,0.06667910771183916,0.1297071129707113,0.13223987698616094,-0.0025327640154496345,0.20954210443782342,0.2961006061702705,-0.08655850173244709,0.22159552386968684,0.32304418364551946,-0.10144865977583262,-0.06921187172728879
R0,15000,dominicamaria,17,48,3234,38837,0.1847332720670503,0.08134950031548685,0.10338377175156346,0.1196443007275667,0.0018535681186283596,0.11779073260893834,0.035527547548918875,0.0037398906081997103,0.03178765694071917,0.027740358229805917,0.003894297635605007,0.02384606059420091,0.014406960857374876
R0,15000,dominicamaria,29,48,3234,38837,0.19231869259831544,0.10537561953081481,0.08694307306750063,0.08508317425688573,0.009800918836140888,0.07528225542074485,0.01872060424920646,0.002743159836356327,0.015977444412850133,0.012558869701726845,0.002152631848700733,0.010406237853026112,-0.011660817646755778
R0,15000,dominicamaria,43,48,3234,38837,0.2038997369197072,0.07717419667641676,0.12672554024329044,0.0955223880597015,0.006146281499692686,0.08937610656000881,0.03192552225249773,0.002028301886792453,0.029897220365705277,0.026118200966422995,0.0016859960149185102,0.024432204951504485,-0.03734943368328163
R0,15000,italy,17,43,2005,31796,0.33611752041625576,0.30532006762550123,0.03079745279075452,0.2385425562197552,0.17136659436008678,0.06717596185966843,0.0716704288939052,0.1393072123123057,-0.0676367834184005,0.05514363846522511,0.13722497475755513,-0.08208133629233003,0.036378509068913906
R0,15000,italy,29,43,2005,31796,0.3641691978458384,0.30362039830571924,0.06054879954011916,0.20243833286078822,0.1367851622874807,0.06565317057330752,0.0865274385685092,0.06131954752520858,0.025207891043300616,0.07535725019809285,0.055966672148221236,0.019390578049871612,0.005104371033188365
R0,15000,italy,43,43,2005,31796,0.33593754161175515,0.27832513703937317,0.05761240457238198,0.20804525455688247,0.15468607825295724,0.053359176303925226,0.057749062774188405,0.06396313364055299,-0.006214070866364586,0.04385837520694763,0.056504500910156345,-0.012646125703208715,-0.004253228268456755
R0,15000,hiroshima,17,51,18335,14964,0.4762767589926901,0.5461011494703741,-0.06982439047768402,0.21214222962038193,0.3166680041730198,-0.1045257745526379,0.1609201051829643,0.22902814780493455,-0.06810804262197026,0.10281158203944607,0.10930219810338213,-0.0064906160639360555,-0.03470138407495388
R0,15000,hiroshima,29,51,18335,14964,0.46966341685387825,0.5553218165301136,-0.08565839967623534,0.1780593531177059,0.4096560750381735,-0.23159672192046757,0.1443080187964226,0.2939180264574993,-0.1496100076610767,0.10619183388025176,0.14724717806956922,-0.04105534418931746,-0.14593832224423223
R0,15000,hiroshima,43,51,18335,14964,0.4444127830185629,0.5459468339152945,-0.10153405089673162,0.15986918045402077,0.4352473619295601,-0.27537818147553933,0.125928400709311,0.31669627732099326,-0.19076787661168226,0.08698051768861416,0.13664273077323344,-0.04966221308461928,-0.1738441305788077
R0,15000,hokkaido,17,71,124416,137327,0.5721102144187115,0.5593558906459102,0.01275432377280128,0.2040654004785088,0.3535121122911371,-0.1494467118126283,0.2185163281199679,0.30774510284549716,-0.08922877472552926,0.2306511470076539,0.2680162402368877,-0.03736509322923379,-0.1622010355854296
R0,15000,hokkaido,29,71,124416,137327,0.5810306658405775,0.5603221621490195,0.020708503691557967,0.1677408232548271,0.37571900405368563,-0.20797818079885855,0.18279033721230617,0.32530337955173066,-0.1425130423394245,0.19525509363501564,0.2816217472118959,-0.08636665357688028,-0.22868668449041651
R0,15000,hokkaido,43,71,124416,137327,0.5702295288645307,0.5665697098906465,0.0036598189738842324,0.24355616387221202,0.2934866066118026,-0.049930442739590575,0.2501877839789795,0.2636109564098456,-0.013423172430866104,0.25573767077640785,0.23708405148615624,0.01865361929025161,-0.05359026171347481
R0,15000,thrissur,17,42,5004,34456,0.3433149008786146,0.2871497893130812,0.05616511156553339,0.09194711538461539,0.11114003123373244,-0.019192915849117045,0.24818673348279044,0.22111214374225527,0.02707458974053517,0.27058696822832523,0.2403329997270494,0.03025396850127582,-0.07535802741465043
R0,15000,thrissur,29,42,5004,34456,0.3518242795042794,0.3331256890106008,0.018698590493678613,0.11534674356449572,0.07901342355123868,0.03633332001325704,0.2480100699714931,0.22021919879062737,0.027790871180865734,0.2681133161383838,0.24978860525173116,0.018324710886652634,0.017634729519578424
R0,15000,thrissur,43,42,5004,34456,0.31736121707490966,0.2405582589593755,0.07680295811553417,0.08187315862924484,0.07423654462628648,0.007636614002958356,0.16879912075150863,0.17948880841962603,-0.010689687668117398,0.18221860487384497,0.19459511817125144,-0.012376513297406466,-0.06916634411257581
R0,20000,dominicamaria,17,48,3234,38837,0.16997814395921823,0.08290286658035062,0.08707527737886761,0.11723954169997336,0.0018535681186283596,0.115385973581345,0.035137895812053115,0.0017884456994940582,0.033349450112559055,0.02749243213736291,0.0017830760609302563,0.025709356076432655,0.028310696202477392
R0,20000,dominicamaria,29,48,3234,38837,0.17824552358522583,0.08267423750627333,0.0955712860789525,0.06699889258028793,0.009800918836140888,0.05719797374414705,0.016215965059009387,0.002935467070687941,0.013280497988321446,0.011564211807668898,0.00236036636991046,0.00920384543775844,-0.038373312334805454
R0,20000,dominicamaria,43,48,3234,38837,0.197467992252965,0.08130912144311003,0.11615887080985496,0.10072747621712368,0.002447231569287244,0.09828024464783643,0.030764307917352348,0.0018876383284962602,0.02887666958885609,0.024540793469062672,0.0018408672530169769,0.022699926216045694,-0.017878626162018532
R0,20000,italy,17,43,2005,31796,0.3447018563854794,0.31480091284639194,0.029900943539087455,0.20430433464686268,0.10792705619650167,0.09637727845036101,0.06200264392545167,0.12005714913726784,-0.05805450521181617,0.04869614512471655,0.12081853859091758,-0.07212239346620103,0.06647633491127355
R0,20000,italy,29,43,2005,31796,0.3487497531397793,0.2688524256798832,0.07989732745989608,0.16454081632653061,0.08297115764519952,0.08156965868133109,0.06444774220903117,0.05185820914930691,0.01258953305972426,0.0553757225433526,0.04966592427616927,0.005709798267183333,0.0016723312214350083
R0,20000,italy,43,43,2005,31796,0.3374302495666338,0.29718010133682443,0.04025014822980938,0.2248661511005354,0.130549838282858,0.09431631281767741,0.06291399329817908,0.07627191107310817,-0.01335791777492909,0.04741710545040558,0.07201641347195648,-0.024599308021550893,0.05406616458786803
R0,20000,hiroshima,17,51,18335,14964,0.46615660699918615,0.5342844461098982,-0.06812783911071207,0.17555279027472,0.2726097652503857,-0.0970569749756657,0.1304516228987528,0.20101726484705207,-0.07056564194829926,0.07760892726966859,0.10506314965910361,-0.027454222389435026,-0.02892913586495363
R0,20000,hiroshima,29,51,18335,14964,0.4422273300830261,0.5305309928339677,-0.08830366275094154,0.14313744726773275,0.3788940229542406,-0.23575657568650782,0.11724785967842974,0.26655542809469185,-0.1493075684162621,0.08780542229164343,0.12373868965843952,-0.0359332673667961,-0.14745291293556628
R0,20000,hiroshima,43,51,18335,14964,0.4513920094024051,0.5314354839525166,-0.08004347455011152,0.14558495686730638,0.4088401722481227,-0.2632552153808163,0.11175217007120952,0.2933666867937548,-0.1816145167225453,0.0726294552790854,0.11579926667761177,-0.04316981139852637,-0.1832117408307048
R0,20000,hokkaido,17,71,124416,137327,0.5698563673716933,0.5548324779085607,0.0150238894631326,0.19024217644283692,0.3008019435602695,-0.1105597671174326,0.20413745939476835,0.2514600586437886,-0.04732259924902027,0.2158681690701804,0.20645220861696617,0.009415960453214217,-0.1255836565805652
R0,20000,hokkaido,29,71,124416,137327,0.5702238679122273,0.5462244783048389,0.023999389607388455,0.14714450425373696,0.35696106841375835,-0.2098165641600214,0.15988662731845577,0.3125817866007875,-0.15269515928233174,0.17059052771537297,0.2738925562646222,-0.10330202854924925,-0.23381595376740985
R0,20000,hokkaido,43,71,124416,137327,0.5708318828061626,0.5573820843145648,0.013449798491597775,0.22281899695178214,0.3199394536890429,-0.09712045673726077,0.23055465870848205,0.2873261423283246,-0.05677148361984255,0.23706711812103548,0.2591180992493637,-0.022050981128328206,-0.11057025522885855
R0,20000,thrissur,17,42,5004,34456,0.32252019941162463,0.2784613340465739,0.044058865365050714,0.08579335793357934,0.1021733699725206,-0.016380012038941266,0.23553519302518897,0.204657428791378,0.030877764233810973,0.2570702045328911,0.22332438458388315,0.03374581994900794,-0.06043887740399198
R0,20000,thrissur,29,42,5004,34456,0.3417736629159359,0.32004776060809065,0.02172590230784527,0.09546610803531348,0.046957488191164215,0.04850861984414927,0.2218627584728421,0.16129228646224406,0.06057047201059804,0.24079053509007797,0.18085030537797953,0.05994022971209845,0.026782717536304
R0,20000,thrissur,43,42,5004,34456,0.3118372296758388,0.2471042572921222,0.06473297238371661,0.08952912019826519,0.10483745528075906,-0.015308335082493879,0.17698316691612162,0.21819212241428165,-0.04120895549816003,0.19032540113902213,0.2351490332038067,-0.04482363206478457,-0.08004130746621049
R1,5000,dominicamaria,17,48,3234,38837,0.20420162647416046,0.1482123045846587,0.05598932188950176,0.017650639074863056,0.08437343984023964,-0.06672280076537658,0.01034498899967233,0.02547630085877652,-0.015131311859104189,0.00973630831643002,0.019762175776803663,-0.010025867460373643,-0.12271212265487834
R1,5000,dominicamaria,29,48,3234,38837,0.1978775381039506,0.14752210216131426,0.050355435942636334,0.08480364257256688,0.0,0.08480364257256688,0.022872192958136955,0.0057682467321021535,0.0171039462260348,0.017400050289162687,0.0062526788190505,0.011147371470112187,0.03444820662993055
R1,5000,dominicamaria,43,48,3234,38837,0.20653096763189394,0.09979180933559018,0.10673915829630376,0.09652333028362306,0.01867572156196944,0.07784760872165362,0.02997085026891653,0.018591572939399028,0.011379277329517504,0.023408957647377205,0.018584832963147637,0.004824124684229568,-0.028891549574650136
R1,5000,italy,17,43,2005,31796,0.2864655878136189,0.25140556693579647,0.03506002087782245,0.07696536558548653,0.2202622169249106,-0.14329685133942408,0.016061489530877285,0.10856232846542202,-0.09250083893454474,0.00956236067112519,0.10001641407233135,-0.09045405340120616,-0.17835687221724653
R1,5000,italy,29,43,2005,31796,0.3018407510074282,0.2026710308675635,0.09916972013986469,0.15105601469237834,0.18334475668265934,-0.032288741990281006,0.08344723734507124,0.10742197222360496,-0.023974734878533716,0.07585869257131078,0.099281659348533,-0.02342296677722222,-0.1314584621301457
R1,5000,italy,43,43,2005,31796,0.28190452360024904,0.22761763753251588,0.05428688606773316,0.1092572658772874,0.16875522138680032,-0.05949795550951292,0.08047085589930014,0.11210868281157708,-0.03163782691227694,0.0775578007134882,0.10661699198185794,-0.02905919126836974,-0.11378484157724608
R1,5000,hiroshima,17,51,18335,14964,0.46441054184881325,0.5794591877387072,-0.11504864588989394,0.30859542377238836,0.47385323091611337,-0.165257807143725,0.23457726886022395,0.32022345913103756,-0.0856461902708136,0.14886121173026348,0.1840870635286879,-0.03522585179842441,-0.05020916125383107
R1,5000,hiroshima,29,51,18335,14964,0.4730156679475261,0.5599246603633483,-0.08690899241582223,0.20235271795844798,0.42131164348450156,-0.2189589255260536,0.14162493773431561,0.3093943442021487,-0.16776940646783306,0.06658460817068167,0.17230408573342265,-0.10571947756274098,-0.13204993311023136
R1,5000,hiroshima,43,51,18335,14964,0.4435530581221434,0.5417526633680527,-0.09819960524590932,0.3492525871981602,0.4643904955347068,-0.11513790833654658,0.25219713941064964,0.3440611866267843,-0.09186404721613467,0.12766794531326842,0.17289612474203164,-0.04522817942876323,-0.016938303090637263
R1,5000,hokkaido,17,71,124416,137327,0.5911839256874523,0.5733446995290185,0.017839226158433807,0.11042738786087083,0.41626459794394083,-0.30583721008306997,0.1252542068914177,0.384125662530715,-0.2588714556392973,0.13806676254636288,0.35830988666255714,-0.22024312411619426,-0.3236764362415038
R1,5000,hokkaido,29,71,124416,137327,0.6181060323179818,0.5886928287304307,0.029413203587551062,0.06406324541675186,0.36891705763938504,-0.3048538122226332,0.08008415977817489,0.3301238547202534,-0.2500396949420785,0.09373225989575269,0.30310529860969204,-0.20937303871393936,-0.33426701581018425
R1,5000,hokkaido,43,71,124416,137327,0.6011690523465162,0.5999334102397356,0.0012356421067806211,0.20286820893960011,0.4381525163373168,-0.23528430739771666,0.2115678836874553,0.4187726179087597,-0.2072047342213044,0.21901587923936483,0.40187098916631425,-0.18285510992694942,-0.23651994950449728
R1,5000,thrissur,17,42,5004,34456,0.34026732378227603,0.23729154501973987,0.10297577876253616,0.06732425238766244,0.07538374989954191,-0.008059497511879468,0.1524719389940879,0.33890468395508455,-0.18643274496099665,0.16596768990247412,0.39623070333397437,-0.23026301343150024,-0.11103527627441563
R1,5000,thrissur,29,42,5004,34456,0.35171041619730814,0.21257038008873105,0.1391400361085771,0.1111111111111111,0.0705596107055961,0.040551500405515,0.17470435473139742,0.22410687177411193,-0.049402517042714506,0.18454903710313034,0.24768264493684186,-0.06313360783371152,-0.09858853570306209
R1,5000,thrissur,43,42,5004,34456,0.3206060863111103,0.20391983075522707,0.11668625555588324,0.06860575403098325,0.15873015873015872,-0.09012440469917547,0.13764736934717578,0.373762190077465,-0.2361148207302892,0.14880678624354848,0.4091619100451088,-0.26035512380156034,-0.20681066025505873
R1,10000,dominicamaria,17,48,3234,38837,0.19572120871032908,0.1036703355727682,0.09205087313756088,0.07362668967500718,0.02063732928679818,0.052989360388209006,0.01816160118606375,0.009525365956155302,0.008636235229908449,0.01330276385074702,0.008599322171075927,0.004703441679671093,-0.03906151274935188
R1,10000,dominicamaria,29,48,3234,38837,0.1676426122859378,0.1582325915512872,0.00941002073465061,0.01865222623345367,0.0,0.01865222623345367,0.01349653278726672,0.009334615474822337,0.004161917312444382,0.013064312736443885,0.010100753749714489,0.002963558986729396,0.009242205498803061
R1,10000,dominicamaria,43,48,3234,38837,0.21273794873752921,0.13799532638436124,0.07474262235316798,0.0576,0.049102428722280884,0.008497571277719114,0.01958575664927243,0.01554345615977227,0.0040423004895001596,0.015999597494402655,0.01240271772699197,0.0035968797674106844,-0.06624505107544887
R1,10000,italy,17,43,2005,31796,0.3583430107454879,0.26972712307764185,0.08861588766784606,0.1703682878830475,0.009937888198757764,0.16043039968428974,0.040362525028980925,0.03024131060438344,0.010121214424597486,0.026919387191488123,0.031799761620977356,-0.004880374429489232,0.07181451201644368
R1,10000,italy,29,43,2005,31796,0.3456085263561892,0.2826966512206555,0.0629118751355337,0.20464362850971923,0.09305555555555556,0.11158807295416368,0.04873735403500559,0.04637414608512874,0.00236320794987685,0.0321178806803465,0.04323237988409048,-0.01111449920374398,0.048676197818629974
R1,10000,italy,43,43,2005,31796,0.35204455578981175,0.2645484482009101,0.08749610758890164,0.15354330708661418,0.0347682119205298,0.11877509516608438,0.03001031095674825,0.012022972465246095,0.017987338491502153,0.018872389516653848,0.010445962233828847,0.008426427282825001,0.03127898757718274
R1,10000,hiroshima,17,51,18335,14964,0.4717254852534414,0.514507978907276,-0.042782493653834575,0.29173989455184535,0.3797721674876847,-0.08803227293583937,0.2118738316651286,0.2748709122203098,-0.06299708055518119,0.11866058150864059,0.14188134270101482,-0.023220761192374234,-0.0452497792820048
R1,10000,hiroshima,29,51,18335,14964,0.4707207045085917,0.5342909094469619,-0.06357020493837018,0.2117303709282621,0.43807930866262457,-0.22634893773436246,0.16621997471554995,0.32315511603167724,-0.1569351413161273,0.11340544083906916,0.17367657722987673,-0.06027113639080757,-0.16277873279599228
R1,10000,hiroshima,43,51,18335,14964,0.4949692425123765,0.5702775786518096,-0.07530833613943311,0.15238746884316504,0.44420222485814126,-0.2918147560149762,0.11703940362087327,0.33348061416105157,-0.21644121054017829,0.07474121293642903,0.18412972972972974,-0.10938851679330071,-0.2165064198755431
R1,10000,hokkaido,17,71,124416,137327,0.6006871095117945,0.625583677968526,-0.024896568456731494,0.21335538283446337,0.4310042454502765,-0.21764886261581312,0.22912229368629441,0.3972219066511697,-0.16809961296487527,0.24224012679963017,0.36891137613942093,-0.12667124933979076,-0.19275229415908163
R1,10000,hokkaido,29,71,124416,137327,0.6058504596880074,0.6148942910052346,-0.009043831317227191,0.11832954793162369,0.390813355774917,-0.2724838078432933,0.1362070505377853,0.32235460115891024,-0.18614755062112492,0.1510493592924487,0.26292850267775614,-0.11187914338530744,-0.2634399765260661
R1,10000,hokkaido,43,71,124416,137327,0.6103883190946306,0.6036881221181308,0.006700196976499817,0.2114453125,0.34358161296760314,-0.13213630046760313,0.2383654407472271,0.3185681083265966,-0.0802026675793695,0.2602433862433862,0.29762545717839706,-0.037382070935010836,-0.13883649744410295
R1,10000,thrissur,17,42,5004,34456,0.3679638154500057,0.2273170229760686,0.14064679247393713,0.11721611721611722,0.055570590888588185,0.06164552632752903,0.16269550605368607,0.2809485659349463,-0.11825305988126025,0.16980991056080122,0.32962493911349244,-0.15981502855269122,-0.0790012661464081
R1,10000,thrissur,29,42,5004,34456,0.3728574495461788,0.2271792128210924,0.14567823672508637,0.09089422919731895,0.03505089726099276,0.055843331936326186,0.13370436916604583,0.3096471875908539,-0.17594281842480808,0.14033045722527265,0.3631088591042824,-0.22277840187900977,-0.08983490478876019
R1,10000,thrissur,43,42,5004,34456,0.3523220921005987,0.23405663443634173,0.118265457664257,0.09614187927815805,0.029087383347473034,0.06705449593068502,0.1646999538067442,0.29808965386797803,-0.13338970006123382,0.17539686392543327,0.34256402035827355,-0.16716715643284027,-0.05121096173357198
R1,15000,dominicamaria,17,48,3234,38837,0.1937704942690101,0.10027738839965694,0.09349310586935317,0.02817728206633402,0.0,0.02817728206633402,0.013868274582560297,0.0027817723190079915,0.011086502263552305,0.012640697000982045,0.0030113563863723362,0.009629340614609709,-0.06531582380301915
R1,15000,dominicamaria,29,48,3234,38837,0.17718551604636196,0.11488560636353205,0.062299909682829904,0.003006614552014432,0.0,0.003006614552014432,0.011482449589245707,0.01048213167598154,0.0010003179132641662,0.012195739082030262,0.011332012936545741,0.0008637261454845207,-0.05929329513081547
R1,15000,dominicamaria,43,48,3234,38837,0.1859397720558331,0.09008295951673755,0.09585681253909555,0.057692307692307696,0.0006165228113440197,0.057075784880963674,0.013015590617538274,0.0021760726619045366,0.010839517955633739,0.008983717012914094,0.002305682225751909,0.0066780347871621855,-0.03878102765813187
R1,15000,italy,17,43,2005,31796,0.3348120845579989,0.2801790255691392,0.05463305898885967,0.17391304347826086,0.08610271903323263,0.08781032444502823,0.03091492951613781,0.018021472392638037,0.012893457123499773,0.018142471763554976,0.013408393039918117,0.00473407872363686,0.03317726545616856
R1,15000,italy,29,43,2005,31796,0.3682410761926689,0.2463976674245757,0.12184340876809319,0.1696642685851319,0.07600950118764846,0.09365476739748343,0.04532607557835235,0.043861690847492696,0.0014643847308596566,0.033432733111595364,0.04161478653053319,-0.008182053418937824,-0.02818864137060975
R1,15000,italy,43,43,2005,31796,0.3326937377904699,0.2539919758660085,0.07870176192446138,0.1518624641833811,0.0,0.1518624641833811,0.02761544943056726,0.006519833442910366,0.021095615987656892,0.01741227683167152,0.006926457320799744,0.010485819510871776,0.07316070225891971
R1,15000,hiroshima,17,51,18335,14964,0.46930222616168754,0.48674224815175127,-0.017440021990063725,0.25893263023911267,0.3488568328846386,-0.08992420264552592,0.19598260104589219,0.25092450617840717,-0.054941905132514984,0.12280701754385964,0.12568727197985716,-0.0028802544359975146,-0.0724841806554622
R1,15000,hiroshima,29,51,18335,14964,0.48440990863954003,0.508501541201506,-0.024091632561966003,0.25345726592609386,0.4526870846576134,-0.19922981873151957,0.19578063192850514,0.3316268945501451,-0.13584626262163996,0.1284724059474046,0.1787668734038672,-0.0502944674564626,-0.17513818616955357
R1,15000,hiroshima,43,51,18335,14964,0.46988779046487256,0.5138070417192632,-0.04391925125439061,0.23007783543365457,0.3535373848690826,-0.12345954943542803,0.1761565394452584,0.2632305568338702,-0.08707401738861181,0.11387595654733237,0.15512758786711603,-0.041251631319783655,-0.07954029818103742
R1,15000,hokkaido,17,71,124416,137327,0.5863740956604677,0.5987830072053945,-0.012408911544926737,0.10519823532826378,0.3531375340979622,-0.24793929876969845,0.1261129178440049,0.3343096519310674,-0.20819673408706246,0.14387292354709913,0.3188845493158763,-0.17501162576877716,-0.2355303872247717
R1,15000,hokkaido,29,71,124416,137327,0.593013960053828,0.596915115995688,-0.003901155941860024,0.09081594366034577,0.3127199846590663,-0.22190404099872052,0.10593819831017202,0.26808028134155254,-0.1621420830313805,0.11872285393587428,0.2292445874749084,-0.1105217335390341,-0.2180028850568605
R1,15000,hokkaido,43,71,124416,137327,0.5899538798922739,0.5945632802097534,-0.004609400317479473,0.19171921981852533,0.3690423994413861,-0.1773231796228608,0.21918039865805455,0.35467629433146675,-0.1354958956734122,0.24200799615123011,0.3427435852475305,-0.1007355890963004,-0.17271377930538132
R1,15000,thrissur,17,42,5004,34456,0.3424403417697611,0.20133810831232354,0.14110223345743758,0.10212765957446808,0.06637396694214875,0.035753692632319325,0.16693039643859317,0.24907241385432016,-0.08214201741572699,0.1769463119945435,0.27819285787794584,-0.10124654588340234,-0.10534854082511826
R1,15000,thrissur,29,42,5004,34456,0.3597263290792335,0.24904389000594251,0.110682439073291,0.0931811169392163,0.0714900947459087,0.021691022193307596,0.1573395467062063,0.2868063235963828,-0.1294667768901765,0.16755057945393834,0.3251206989041306,-0.15757011945019225,-0.08899141687998341
R1,15000,thrissur,43,42,5004,34456,0.3134688571914429,0.21637239428574734,0.09709646290569557,0.0830405621207282,0.03750129493421734,0.045539267186510864,0.14167604536403774,0.19919724363300537,-0.05752119826896762,0.15086875970156727,0.23265384862709793,-0.08178508892553066,-0.051557195719184705
R1,20000,dominicamaria,17,48,3234,38837,0.186289137552514,0.07896959558861034,0.10731954196390366,0.017889087656529516,0.0030854674483184203,0.014803620208211096,0.013301088270858524,0.005121338125778185,0.00817975014508034,0.012912988650693569,0.005289121700656055,0.007623866950037514,-0.09251592175569257
R1,20000,dominicamaria,29,48,3234,38837,0.15906845583771267,0.0961631557630237,0.06290530007468897,0.0,0.0,0.0,0.011474683396692865,0.00925255262973434,0.0022221307669585254,0.012433033458000606,0.010008846202451661,0.0024241872555489444,-0.06290530007468897
R1,20000,dominicamaria,43,48,3234,38837,0.1794454651067478,0.08770665091865074,0.09173881418809707,0.03909169301523426,0.000617093489663684,0.03847459952557058,0.011076692011639914,0.0016106873845279264,0.009466004627111987,0.00858610379986201,0.0016933063088488082,0.0068927974910132014,-0.05326421466252649
R1,20000,italy,17,43,2005,31796,0.3267936285291722,0.23590557722481284,0.09088805130435937,0.19796954314720813,0.0870626525630594,0.11090689058414874,0.033647883526557024,0.014831548963756016,0.018816334562801008,0.018386469444280747,0.010191815188417917,0.00819465425586283,0.02001883927978937
R1,20000,italy,29,43,2005,31796,0.3548160226391906,0.23975596620610518,0.11506005643308542,0.15324927255092144,0.07280163599182005,0.0804476365591014,0.034056474752621274,0.046018065584802134,-0.01196159083218086,0.02327621498333236,0.04420866489832007,-0.020932449914987713,-0.03461241987398403
R1,20000,italy,43,43,2005,31796,0.3294860081001547,0.2487750005788949,0.08071100752125981,0.14828209764918626,0.0,0.14828209764918626,0.029331588703521972,0.01268125635400503,0.01665033234951694,0.019635012824670537,0.013498889331890414,0.0061361234927801225,0.06757109012792645
R1,20000,hiroshima,17,51,18335,14964,0.466215520920594,0.4619603885173199,0.004255132403274076,0.24950531498780543,0.32856788695149164,-0.07906257196368621,0.19080397157501175,0.22950049339786663,-0.03869652182285488,0.1224271012006861,0.09891067538126362,0.023516425819422482,-0.08331770436696029
R1,20000,hiroshima,29,51,18335,14964,0.4666306176315762,0.4856650920123773,-0.01903447438080108,0.21862423958820776,0.41130228418866804,-0.19267804460046029,0.164983079310959,0.2970079262978794,-0.1320248469869204,0.1010540404885394,0.15179496843493828,-0.05074092794639888,-0.1736435702196592
R1,20000,hiroshima,43,51,18335,14964,0.46603361560372325,0.5039068521252724,-0.03787323652154917,0.213526479164707,0.3684127609294998,-0.15488628176479283,0.163205958879649,0.27065186697656235,-0.10744590809691335,0.10356744704570792,0.15043347701845305,-0.04686602997274514,-0.11701304524324366
R1,20000,hokkaido,17,71,124416,137327,0.5833524690148845,0.590292023444803,-0.00693955442991856,0.09570831750854539,0.309237668161435,-0.2135293506528896,0.11061114457932697,0.29135481533962276,-0.1807436707602958,0.12334675280092376,0.276101687386796,-0.15275493458587225,-0.20658979622297105
R1,20000,hokkaido,29,71,124416,137327,0.5828342247816485,0.5865793290143309,-0.0037451042326823725,0.09047056790692316,0.29982261116367076,-0.2093520432567476,0.10528885326260858,0.25463362307300996,-0.1493447698104014,0.11781967841900506,0.21495035932372367,-0.0971306809047186,-0.20560693902406524
R1,20000,hokkaido,43,71,124416,137327,0.5854838277585394,0.5814217373343624,0.004062090424176934,0.15422537649298945,0.33838986486100725,-0.1841644883680178,0.1795217564718619,0.31886481852558946,-0.13934306205372757,0.20082691376887235,0.3021923645068033,-0.10136545073793096,-0.18822657879219473
R1,20000,thrissur,17,42,5004,34456,0.3390985620293585,0.2039982122109117,0.13510034981844682,0.09020659202018609,0.06159052453468697,0.028616067485499122,0.164858819060482,0.24617404221508274,-0.08131522315460074,0.17639176513582652,0.2795488384425544,-0.10315707330672788,-0.1064842823329477
R1,20000,thrissur,29,42,5004,34456,0.3491962384785366,0.250801966400816,0.09839427207772061,0.08201274301584709,0.06714761376248612,0.014865129253360962,0.1348601068155344,0.2629948488887288,-0.12813474207319442,0.14307481334755448,0.2922134370989775,-0.14913862375142303,-0.08352914282435965
R1,20000,thrissur,43,42,5004,34456,0.3097964794510778,0.21232703175121367,0.09746944769986413,0.0859016393442623,0.030589293747188485,0.05531234559707382,0.1450621974252654,0.20910640529731855,-0.06404420787205314,0.15409253559542577,0.24887267771609517,-0.0947801421206694,-0.042157102102790306
