recipe,region,seed,arm,step,tp,fp,fn,tn,f1,iou,precision,recall,fpr,fnr,predicted_positive_fraction,reference_positive_fraction
R0,dominicamaria,17,pretrained,5000,412,918,41659,4151315,0.01898573765581438,0.009583847030635743,0.3097744360902256,0.00979296902854698,0.00022108585910280082,0.990207030971453,0.0003170967102050781,0.010030508041381836
R0,dominicamaria,17,pretrained,10000,934,1451,41137,4150782,0.042019075040489476,0.021460410826708333,0.39161425576519915,0.022200565710346794,0.0003494505245731634,0.9777994342896532,0.0005686283111572266,0.010030508041381836
R0,dominicamaria,17,pretrained,15000,778,948,41293,4151285,0.035527547548918875,0.018085032195076595,0.4507531865585168,0.01849254831118823,0.00022831088717805575,0.9815074516888118,0.0004115104675292969,0.010030508041381836
R0,dominicamaria,17,pretrained,20000,774,1210,41297,4151023,0.035137895812053115,0.017883135787065917,0.3901209677419355,0.018397470941979036,0.0002914094657019488,0.9816025290580209,0.0004730224609375,0.010030508041381836
R0,dominicamaria,17,scratch,5000,591,3330,41480,4148903,0.02570012176030614,0.013017334419946697,0.15072685539403213,0.01404768130065841,0.0008019781163532972,0.9859523186993416,0.0009348392486572266,0.010030508041381836
R0,dominicamaria,17,scratch,10000,61,107,42010,4152126,0.0028883259546864273,0.0014462516003603775,0.3630952380952381,0.0014499298804402081,2.576926680174258e-05,0.9985500701195598,4.00543212890625e-05,0.010030508041381836
R0,dominicamaria,17,scratch,15000,80,631,41991,4151602,0.0037398906081997103,0.0018734485504191842,0.11251758087201125,0.0019015473841838795,0.00015196642384952868,0.9980984526158161,0.00016951560974121094,0.010030508041381836
R0,dominicamaria,17,scratch,20000,38,386,42033,4151847,0.0017884456994940582,0.0008950231999434723,0.08962264150943396,0.0009032350074873428,9.296202790161342e-05,0.9990967649925127,0.0001010894775390625,0.010030508041381836
R0,dominicamaria,29,pretrained,5000,100,191,41971,4152042,0.004721212407346207,0.0023661918508352657,0.3436426116838488,0.0023769342302298493,4.599934541245638e-05,0.9976230657697701,6.937980651855469e-05,0.010030508041381836
R0,dominicamaria,29,pretrained,10000,311,508,41760,4151725,0.014502214968524132,0.007304070081495573,0.3797313797313797,0.007392265456014832,0.00012234380874098346,0.9926077345439852,0.0001952648162841797,0.010030508041381836
R0,dominicamaria,29,pretrained,15000,404,686,41667,4151547,0.01872060424920646,0.009448745234698411,0.3706422018348624,0.009602814290128592,0.00016521230865416272,0.9903971857098715,0.0002598762512207031,0.010030508041381836
R0,dominicamaria,29,pretrained,20000,349,624,41722,4151609,0.016215965059009387,0.008174259280946247,0.35868448098663924,0.008295500463502175,0.00015028058396530252,0.9917044995364979,0.0002319812774658203,0.010030508041381836
R0,dominicamaria,29,scratch,5000,628,3321,41443,4148912,0.027292481529769666,0.013835037010927035,0.15902760192453785,0.014927146965843454,0.0007998106079307206,0.9850728530341566,0.0009415149688720703,0.010030508041381836
R0,dominicamaria,29,scratch,10000,34,47,42037,4152186,0.001613209337635225,0.0008072558051189515,0.41975308641975306,0.0008081576382781489,1.1319210651232722e-05,0.9991918423617219,1.9311904907226562e-05,0.010030508041381836
R0,dominicamaria,29,scratch,15000,58,158,42013,4152075,0.002743159836356327,0.001373463733453314,0.26851851851851855,0.0013786218535333128,3.805181452967596e-05,0.9986213781464667,5.14984130859375e-05,0.010030508041381836
R0,dominicamaria,29,scratch,20000,62,109,42009,4152124,0.002935467070687941,0.0014698909435751542,0.36257309941520466,0.0014736992227425067,2.625093534009291e-05,0.9985263007772575,4.076957702636719e-05,0.010030508041381836
R0,dominicamaria,43,pretrained,5000,687,4240,41384,4147993,0.029235286607940763,0.014834488566431301,0.139435762127055,0.016329538161679067,0.0010211373013026966,0.983670461838321,0.0011746883392333984,0.010030508041381836
R0,dominicamaria,43,pretrained,10000,788,1701,41283,4150532,0.03536804308797128,0.018002375948094673,0.3165930092406589,0.018730241734211214,0.00040965909186695446,0.9812697582657888,0.0005934238433837891,0.010030508041381836
R0,dominicamaria,43,pretrained,15000,703,1266,41368,4150967,0.03192552225249773,0.016221704317326995,0.3570340274250889,0.01670984763851584,0.000304896184775758,0.9832901523614842,0.00046944618225097656,0.010030508041381836
R0,dominicamaria,43,pretrained,20000,673,1008,41398,4151225,0.030764307917352348,0.015622461059913183,0.4003569303985723,0.01599676736944689,0.0002427609433285656,0.9840032326305531,0.00040078163146972656,0.010030508041381836
R0,dominicamaria,43,scratch,5000,108,285,41963,4151948,0.005086661642803316,0.0025498158466332986,0.2748091603053435,0.0025670889686482375,6.863776671492183e-05,0.9974329110313518,9.369850158691406e-05,0.010030508041381836
R0,dominicamaria,43,scratch,10000,172,706,41899,4151527,0.008009499639106847,0.00402085232718517,0.1958997722095672,0.004088326875995341,0.000170028994037666,0.9959116731240046,0.00020933151245117188,0.010030508041381836
R0,dominicamaria,43,scratch,15000,43,286,42028,4151947,0.002028301886792453,0.0010151804896475199,0.13069908814589665,0.0010220817189988353,6.887860098409699e-05,0.9989779182810011,7.843971252441406e-05,0.010030508041381836
R0,dominicamaria,43,scratch,20000,40,270,42031,4151963,0.0018876383284962602,0.0009447108004062256,0.12903225806451613,0.0009507736920919398,6.502525267729437e-05,0.999049226307908,7.390975952148438e-05,0.010030508041381836
R0,italy,17,pretrained,5000,1875,4394,31926,4156109,0.09358622410781132,0.04909019505170834,0.2990907640772053,0.0554717316055738,0.0010561223005968268,0.9445282683944262,0.0014946460723876953,0.008058786392211914
R0,italy,17,pretrained,10000,2079,6154,31722,4154349,0.09891992196793073,0.05203353772994619,0.252520344953237,0.06150705600426023,0.001479148074163148,0.9384929439957398,0.001962900161743164,0.008058786392211914
R0,italy,17,pretrained,15000,1397,3786,32404,4156717,0.0716704288939052,0.03716710564822944,0.269535018329153,0.04133013816159285,0.0009099861242739159,0.9586698618384072,0.0012357234954833984,0.008058786392211914
R0,italy,17,pretrained,20000,1196,3582,32605,4156921,0.06200264392545167,0.03199315196747184,0.2503139388865634,0.035383568533475344,0.0008609535914287287,0.9646164314665246,0.0011391639709472656,0.008058786392211914
R0,italy,17,scratch,5000,4133,15067,29668,4145436,0.15595932152223543,0.08457477285749365,0.21526041666666668,0.12227448892044614,0.0036214371195021373,0.8777255110795539,0.00457763671875,0.008058786392211914
R0,italy,17,scratch,10000,5183,17711,28618,4142792,0.18283799276832172,0.1006173318838329,0.22639119419935355,0.15333865861956747,0.0042569372020642695,0.8466613413804326,0.005458354949951172,0.008058786392211914
R0,italy,17,scratch,15000,3159,8393,30642,4152110,0.1393072123123057,0.07486846471062236,0.2734591412742382,0.09345877340907074,0.002017304157694394,0.9065412265909293,0.00275421142578125,0.008058786392211914
R0,italy,17,scratch,20000,2731,8963,31070,4151540,0.12005714913726784,0.06386212702272939,0.23353856678638618,0.08079642614123843,0.002154306822997123,0.9192035738587616,0.002788066864013672,0.008058786392211914
R0,italy,29,pretrained,5000,1106,4456,32695,4156047,0.0561949038437111,0.028909742007998535,0.19884933477166486,0.0327209254164078,0.0010710243448929131,0.9672790745835922,0.0013260841369628906,0.008058786392211914
R0,italy,29,pretrained,10000,1803,4401,31998,4156102,0.0901387326584177,0.0471964818595885,0.29061895551257255,0.053341617111919766,0.0010578047894689658,0.9466583828880802,0.0014791488647460938,0.008058786392211914
R0,italy,29,pretrained,15000,1736,4589,32065,4155914,0.0865274385685092,0.04522010940349049,0.27446640316205534,0.05135942723588059,0.00110299163346355,0.9486405727641194,0.0015079975128173828,0.008058786392211914
R0,italy,29,pretrained,20000,1216,2719,32585,4157784,0.06444774220903117,0.03329682365826944,0.30902160101651843,0.035975267003934795,0.0006535267490493337,0.9640247329960652,0.0009381771087646484,0.008058786392211914
R0,italy,29,scratch,5000,7400,65175,26401,4095328,0.1391291268707227,0.07476559974135144,0.10196348604891492,0.21892843406999793,0.015665173177377832,0.781071565930002,0.0173032283782959,0.008058786392211914
R0,italy,29,scratch,10000,1809,7019,31992,4153484,0.0848718008867203,0.04431651151396374,0.20491617580425917,0.0535191266530576,0.0016870556276488684,0.9464808733469424,0.0021047592163085938,0.008058786392211914
R0,italy,29,scratch,15000,1198,4075,32603,4156428,0.06131954752520858,0.03162952793325589,0.22719514507870284,0.03544273838052129,0.0009794488791379312,0.9645572616194787,0.001257181167602539,0.008058786392211914
R0,italy,29,scratch,20000,997,3653,32804,4156850,0.05185820914930691,0.026619319698830565,0.21440860215053764,0.029496168752403774,0.0008780188357032792,0.9705038312475962,0.0011086463928222656,0.008058786392211914
R0,italy,43,pretrained,5000,2075,5758,31726,4154745,0.09967814766777153,0.052453297606107334,0.26490488956976893,0.06138871631016834,0.0013839672751107257,0.9386112836898317,0.001867532730102539,0.008058786392211914
R0,italy,43,pretrained,10000,1684,4525,32117,4155978,0.0841789552611847,0.043938840473829774,0.27121919793847643,0.04982101121268601,0.0010876088780611382,0.950178988787314,0.0014803409576416016,0.008058786392211914
R0,italy,43,pretrained,15000,1086,2724,32715,4157779,0.057749062774188405,0.02973305954825462,0.28503937007874014,0.032129226945948344,0.0006547285268151471,0.9678707730540517,0.0009083747863769531,0.008058786392211914
R0,italy,43,pretrained,20000,1211,3485,32590,4157018,0.06291399329817908,0.032478678324304025,0.25787904599659284,0.03582734238631993,0.0008376391027719484,0.9641726576136801,0.0011196136474609375,0.008058786392211914
R0,italy,43,scratch,5000,3847,13191,29954,4147312,0.15134050630421528,0.08186499829758256,0.2257894119028055,0.11381320079287595,0.003170530101768945,0.8861867992071241,0.004062175750732422,0.008058786392211914
R0,italy,43,scratch,10000,2575,4812,31226,4155691,0.12503641837428378,0.06668738507756455,0.3485853526465412,0.07618117807165468,0.0011565909218188282,0.9238188219283453,0.0017611980438232422,0.008058786392211914
R0,italy,43,scratch,15000,1388,8211,32413,4152292,0.06396313364055299,0.03303817956774255,0.14459839566621524,0.0410638738498861,0.001973559447018786,0.9589361261501139,0.0022885799407958984,0.008058786392211914
R0,italy,43,scratch,20000,1784,11195,32017,4149308,0.07627191107310817,0.03964796870832963,0.13745280838277216,0.05277950356498329,0.0026907804176562306,0.9472204964350167,0.0030944347381591797,0.008058786392211914
R0,hiroshima,17,pretrained,5000,4065,7377,29234,4153628,0.18171252318902126,0.09993608024387846,0.35527005768222336,0.12207573801015045,0.0017728890015753405,0.8779242619898495,0.002727985382080078,0.00793910026550293
R0,hiroshima,17,pretrained,10000,3301,4441,29998,4156564,0.16086352671718526,0.08746687864334923,0.42637561353655384,0.09913210606925132,0.0010672902339699183,0.9008678939307486,0.0018458366394042969,0.00793910026550293
R0,hiroshima,17,pretrained,15000,3274,4118,30025,4156887,0.1609201051829643,0.08750033407274768,0.4429112554112554,0.0983212709090363,0.000989664756471093,0.9016787290909637,0.00176239013671875,0.00793910026550293
R0,hiroshima,17,pretrained,20000,2526,2902,30773,4158103,0.1304516228987528,0.06977707798127124,0.4653647752394989,0.07585813387789424,0.000697427664710809,0.9241418661221058,0.0012941360473632812,0.00793910026550293
R0,hiroshima,17,scratch,5000,11528,17483,21771,4143522,0.37002086342481144,0.2270095703201922,0.3973665161490469,0.34619658247995433,0.004201629173721253,0.6538034175200457,0.00691676139831543,0.00793910026550293
R0,hiroshima,17,scratch,10000,8408,10921,24891,4150084,0.31952572774948695,0.19014020805065582,0.4349940503906048,0.25250007507732963,0.0026246063150609047,0.7474999249226704,0.0046083927154541016,0.00793910026550293
R0,hiroshima,17,scratch,15000,4943,4923,28356,4156082,0.22902814780493455,0.1293234262989901,0.5010135819987837,0.14844289618306855,0.0011831276338288466,0.8515571038169314,0.0023522377014160156,0.00793910026550293
R0,hiroshima,17,scratch,20000,4209,4369,29090,4156636,0.20101726484705207,0.11173940745460338,0.4906738167404989,0.1264001921979639,0.0010499867219577962,0.873599807802036,0.002045154571533203,0.00793910026550293
R0,hiroshima,29,pretrained,5000,2436,3711,30863,4157294,0.1235106221163109,0.06582004863550392,0.39629087359687654,0.07315535001051082,0.0008918518482914584,0.9268446499894891,0.0014655590057373047,0.00793910026550293
R0,hiroshima,29,pretrained,10000,1768,2317,31531,4158688,0.09458591910977958,0.049640610961365676,0.4328029375764994,0.053094687528154,0.0005568366296123173,0.946905312471846,0.0009739398956298828,0.00793910026550293
R0,hiroshima,29,pretrained,15000,2856,3427,30443,4157578,0.1443080187964226,0.07776507106681915,0.45455992360337416,0.08576834139163338,0.0008235991064658658,0.9142316586083666,0.0014979839324951172,0.00793910026550293
R0,hiroshima,29,pretrained,20000,2246,2767,31053,4158238,0.11724785967842974,0.06227471857150779,0.44803510871733493,0.06744947295714586,0.0006649835796880802,0.9325505270428541,0.0011951923370361328,0.00793910026550293
R0,hiroshima,29,scratch,5000,10334,14283,22965,4146722,0.3568616617169694,0.2171829683493758,0.4197912012024211,0.31033964983933454,0.003432584195404716,0.6896603501606655,0.005869150161743164,0.00793910026550293
R0,hiroshima,29,scratch,10000,11785,17529,21514,4143476,0.3764393975691949,0.23186039190997088,0.40202633553933276,0.35391453196792694,0.004212684195284553,0.646085468032073,0.006989002227783203,0.00793910026550293
R0,hiroshima,29,scratch,15000,7232,8680,26067,4152325,0.2939180264574993,0.17227661449772505,0.45449974861739567,0.2171836992101865,0.0020860345036836053,0.7828163007898135,0.0037937164306640625,0.00793910026550293
R0,hiroshima,29,scratch,20000,6390,8256,26909,4152749,0.26655542809469185,0.1537721092527975,0.4362965997541991,0.19189765458422176,0.001984136044056664,0.8081023454157783,0.0034918785095214844,0.00793910026550293
R0,hiroshima,43,pretrained,5000,7312,12015,25987,4148990,0.277885455858321,0.1613629341925233,0.37833083251409944,0.21958617375897174,0.002887523567022871,0.7804138262410283,0.0046079158782958984,0.00793910026550293
R0,hiroshima,43,pretrained,10000,2629,3222,30670,4157783,0.13430395913154533,0.07198598066865639,0.44932490172620065,0.07895131985945524,0.0007743321625424628,0.9210486801405448,0.0013949871063232422,0.00793910026550293
R0,hiroshima,43,pretrained,15000,2450,3162,30849,4157843,0.125928400709311,0.06719508515948548,0.43656450463292945,0.07357578305654824,0.0007599125691990276,0.9264242169434518,0.0013380050659179688,0.00793910026550293
R0,hiroshima,43,pretrained,20000,2150,3029,31149,4157976,0.11175217007120952,0.05918299933935257,0.41513805754006566,0.06456650349860356,0.0007279491372877466,0.9354334965013964,0.0012347698211669922,0.00793910026550293
R0,hiroshima,43,scratch,5000,13540,20465,19759,4140540,0.4023535005348865,0.25184138084963914,0.3981767387148949,0.40661881738190336,0.004918282962889975,0.5933811826180967,0.008107423782348633,0.00793910026550293
R0,hiroshima,43,scratch,10000,9432,11270,23867,4149735,0.34932686431732746,0.21162691556911756,0.45560815380156505,0.2832517493017808,0.002708480283008552,0.7167482506982191,0.004935741424560547,0.00793910026550293
R0,hiroshima,43,scratch,15000,7665,7442,25634,4153563,0.31669627732099326,0.1881397118381974,0.5073806844509168,0.23018709270548665,0.0017885102276973953,0.7698129072945133,0.0036017894744873047,0.00793910026550293
R0,hiroshima,43,scratch,20000,6802,6271,26497,4154734,0.2933666867937548,0.17189790245135203,0.5203090338866366,0.20427039851046577,0.0015070878309446877,0.7957296014895342,0.0031168460845947266,0.00793910026550293
R0,hokkaido,17,pretrained,5000,73785,92011,187958,3840550,0.3451614940391403,0.20857714683084855,0.4450348621197134,0.28189865631554617,0.02339722130184376,0.7181013436844539,0.039528846740722656,0.06240439414978027
R0,hokkaido,17,pretrained,10000,43258,41103,218485,3891458,0.24997110695051197,0.1428382742383918,0.5127724896575432,0.16526898522596592,0.010451967560070906,0.8347310147740341,0.020113229751586914,0.06240439414978027
R0,hokkaido,17,pretrained,15000,37318,42497,224425,3890064,0.2185163281199679,0.12265974230870365,0.46755622376746225,0.14257496857604596,0.010806443943272591,0.857425031423954,0.01902937889099121,0.06240439414978027
R0,hokkaido,17,pretrained,20000,34029,37621,227714,3894940,0.20413745939476835,0.11367098248286367,0.47493370551291,0.13000920750507178,0.009566539463723513,0.8699907924949283,0.017082691192626953,0.06240439414978027
R0,hokkaido,17,scratch,5000,87152,199548,174591,3733013,0.31781607204394985,0.18893063164033116,0.3039832577607255,0.3329678348609132,0.05074250596494244,0.6670321651390868,0.06835460662841797,0.06240439414978027
R0,hokkaido,17,scratch,10000,74104,87914,187639,3844647,0.34974431342195245,0.21193340902656033,0.45738127862336286,0.2831174090615604,0.022355406565848564,0.7168825909384396,0.03862810134887695,0.06240439414978027
R0,hokkaido,17,scratch,15000,65913,100705,195830,3831856,0.30774510284549716,0.1818550523109522,0.3955935133058853,0.25182335344211687,0.025607994383303908,0.7481766465578831,0.03972482681274414,0.06240439414978027
R0,hokkaido,17,scratch,20000,46867,64149,214876,3868412,0.2514600586437886,0.1438114467369558,0.4221643727030338,0.1790573195844779,0.01631227080775098,0.8209426804155221,0.026468276977539062,0.06240439414978027
R0,hokkaido,29,pretrained,5000,48474,41571,213269,3890990,0.27558643273789896,0.15981458158871664,0.5383308345827087,0.18519692981283167,0.010570973978534598,0.8148030701871684,0.021468400955200195,0.06240439414978027
R0,hokkaido,29,pretrained,10000,28430,25614,233313,3906947,0.18005807712160413,0.09893616651064703,0.5260528458293242,0.10861799551468425,0.00651331282591675,0.8913820044853158,0.012885093688964844,0.06240439414978027
R0,hokkaido,29,pretrained,15000,30426,40737,231317,3891824,0.18279033721230617,0.1005884686590849,0.42755364445006533,0.11624379639570112,0.010358898437939043,0.8837562036042989,0.016966581344604492,0.06240439414978027
R0,hokkaido,29,pretrained,20000,25667,33655,236076,3898906,0.15988662731845577,0.08688955240049019,0.4326725329557331,0.09806183928510027,0.008558036353409394,0.9019381607148997,0.01414346694946289,0.06240439414978027
R0,hokkaido,29,scratch,5000,123327,330081,138416,3602480,0.34489779081620525,0.20838458730974074,0.27200005293245816,0.47117592447553514,0.08393537951477421,0.5288240755244649,0.10810089111328125,0.06240439414978027
R0,hokkaido,29,scratch,10000,42842,61289,218901,3871272,0.23418991237420533,0.13262463161544366,0.4114240716021166,0.16367963995216683,0.015585009361583965,0.8363203600478332,0.024826765060424805,0.06240439414978027
R0,hokkaido,29,scratch,15000,78396,141848,183347,3790713,0.32530337955173066,0.1942461551422108,0.3559506728900674,0.2995151732806608,0.0360701334321324,0.7004848267193392,0.05251026153564453,0.06240439414978027
R0,hokkaido,29,scratch,20000,79902,169594,181841,3762967,0.3125817866007875,0.18524262931304294,0.32025363132074264,0.30526890881513546,0.04312558660882819,0.6947310911848645,0.05948448181152344,0.06240439414978027
R0,hokkaido,43,pretrained,5000,59839,64702,201904,3867859,0.3098186826272898,0.18330499777910522,0.4804763090066725,0.22861738422804048,0.01645289163982453,0.7713826157719595,0.029692888259887695,0.06240439414978027
R0,hokkaido,43,pretrained,10000,42302,41731,219441,3890830,0.24467863587987598,0.1393925014993047,0.503397474801566,0.16161654752944682,0.01061165993356492,0.8383834524705531,0.0200350284576416,0.06240439414978027
R0,hokkaido,43,pretrained,15000,44133,46923,217610,3885638,0.2501877839789795,0.14297979045311113,0.4846797575118608,0.16861195905907703,0.011931919174298885,0.831388040940923,0.021709442138671875,0.06240439414978027
R0,hokkaido,43,pretrained,20000,39632,42422,222111,3890139,0.23055465870848205,0.1302977002613713,0.4829990006581032,0.15141570166155352,0.010787372401852126,0.8485842983384465,0.01956319808959961,0.06240439414978027
R0,hokkaido,43,scratch,5000,91737,217751,170006,3714810,0.3211905516332272,0.1913204336237784,0.2964153699012563,0.3504850177464154,0.05537129621129844,0.6495149822535846,0.07378768920898438,0.06240439414978027
R0,hokkaido,43,scratch,10000,57716,112582,204027,3819979,0.26717834649952205,0.15418686969879117,0.33891178992119697,0.22050637457353206,0.028628163682648533,0.7794936254264679,0.04060220718383789,0.06240439414978027
R0,hokkaido,43,scratch,15000,51830,79658,209913,3852903,0.2636109564098456,0.15181560686699805,0.3941804575322463,0.1980186671658841,0.020256011286283924,0.8019813328341159,0.03134918212890625,0.06240439414978027
R0,hokkaido,43,scratch,20000,62212,109086,199531,3823475,0.2873261423283246,0.16776465702520568,0.36317995539936254,0.2376835292634378,0.027739175565235988,0.7623164707365622,0.04084062576293945,0.06240439414978027
R0,thrissur,17,pretrained,5000,13087,21093,26373,4133751,0.35543183052688754,0.21612471718989976,0.3828847279110591,0.33165230613279273,0.005076724902306802,0.6683476938672073,0.008149147033691406,0.009407997131347656
R0,thrissur,17,pretrained,10000,6918,6907,32542,4147937,0.25966031716242843,0.14920094032393727,0.5003978300180831,0.17531677648251393,0.001662396951606366,0.824683223517486,0.0032961368560791016,0.009407997131347656
R0,thrissur,17,pretrained,15000,6587,7034,32873,4147810,0.24818673348279044,0.14167419451972296,0.4835915131047647,0.16692853522554485,0.0016929636828723292,0.8330714647744552,0.003247499465942383,0.009407997131347656
R0,thrissur,17,pretrained,20000,6092,6177,33368,4148667,0.23553519302518897,0.1334881784516949,0.49653598500285273,0.1543841865179929,0.0014866984175579156,0.8456158134820071,0.0029251575469970703,0.009407997131347656
R0,thrissur,17,scratch,5000,13542,27425,25918,4127419,0.336752583087769,0.20246692083426776,0.33055874240242145,0.34318297009630006,0.006600729172984593,0.6568170299037,0.009767293930053711,0.009407997131347656
R0,thrissur,17,scratch,10000,7894,13493,31566,4141351,0.259470475126136,0.14907559533926312,0.3691027259550194,0.20005068423720224,0.0032475346848160848,0.7999493157627978,0.005099058151245117,0.009407997131347656
R0,thrissur,17,scratch,15000,5710,6478,33750,4148366,0.22111214374225527,0.12429796682485089,0.4684936002625533,0.14470349721236694,0.001559143977487482,0.855296502787633,0.0029058456420898438,0.009407997131347656
R0,thrissur,17,scratch,20000,5317,7183,34143,4147661,0.204657428791378,0.11399352528782454,0.42536,0.13474404460212874,0.0017288254384520815,0.8652559553978713,0.0029802322387695312,0.009407997131347656
R0,thrissur,29,pretrained,5000,9229,11972,30231,4142872,0.30428116912019254,0.179440815056774,0.43530965520494314,0.23388241256969083,0.002881455958394587,0.7661175874303092,0.0050547122955322266,0.009407997131347656
R0,thrissur,29,pretrained,10000,6926,10055,32534,4144789,0.2454244255062809,0.13987680500858327,0.40786761674813027,0.17551951343132285,0.002420066794324889,0.8244804865686771,0.004048585891723633,0.009407997131347656
R0,thrissur,29,pretrained,15000,6699,7863,32761,4146981,0.2480100699714931,0.14155907275531981,0.4600329625051504,0.16976685250886975,0.0018924898263328299,0.8302331474911303,0.003471851348876953,0.009407997131347656
R0,thrissur,29,pretrained,20000,5692,6159,33768,4148685,0.2218627584728421,0.12477257283149565,0.4802970213484094,0.1442473390775469,0.0014823661249375429,0.8557526609224532,0.002825498580932617,0.009407997131347656
R0,thrissur,29,scratch,5000,5994,12417,33466,4142427,0.2071503862037981,0.11554253329992097,0.32556623757536257,0.15190065889508364,0.002988559859287136,0.8480993411049164,0.004389524459838867,0.009407997131347656
R0,thrissur,29,scratch,10000,6749,8077,32711,4146767,0.24864605975758022,0.14197362054820456,0.4552138135707541,0.1710339584389255,0.0019439959719305948,0.8289660415610745,0.0035347938537597656,0.009407997131347656
R0,thrissur,29,scratch,15000,5827,7633,33633,4147211,0.22021919879062737,0.12373388826364852,0.43291233283803865,0.1476685250886974,0.0018371327539614003,0.8523314749113026,0.0032091140747070312,0.009407997131347656
R0,thrissur,29,scratch,20000,3974,5843,35486,4149001,0.16129228646224406,0.08772046001368562,0.4048079861464806,0.10070957932083122,0.0014063103211576656,0.8992904206791688,0.002340555191040039,0.009407997131347656
R0,thrissur,43,pretrained,5000,4299,4208,35161,4150636,0.1792482331602977,0.09844737565265183,0.5053485364993535,0.10894576786619362,0.0010127937414738074,0.8910542321338064,0.002028226852416992,0.009407997131347656
R0,thrissur,43,pretrained,10000,5345,6211,34115,4148633,0.20954210443782342,0.11703269032865495,0.4625302872966424,0.13545362392295995,0.001494881636951953,0.86454637607704,0.0027551651000976562,0.009407997131347656
R0,thrissur,43,pretrained,15000,4070,4693,35390,4150151,0.16879912075150863,0.09217946685389442,0.4644528129635969,0.10314242270653827,0.0011295249593005177,0.8968575772934617,0.002089262008666992,0.009407997131347656
R0,thrissur,43,pretrained,20000,4316,4997,35144,4149847,0.17698316691612162,0.09708257417279618,0.46343820466015245,0.10937658388241257,0.0012026925680001463,0.8906234161175874,0.0022203922271728516,0.009407997131347656
R0,thrissur,43,scratch,5000,5511,6168,33949,4148676,0.21553022155302215,0.1207810993249759,0.47187259183149244,0.13966041561074505,0.0014845322712477291,0.860339584389255,0.0027844905853271484,0.009407997131347656
R0,thrissur,43,scratch,10000,8182,7623,31278,4147221,0.2961006061702705,0.17377822143873584,0.5176842771274913,0.20734921439432336,0.0018347259247278598,0.7926507856056766,0.0037682056427001953,0.009407997131347656
R0,thrissur,43,scratch,15000,4238,3525,35222,4151319,0.17948880841962603,0.09859253227870188,0.5459229679247714,0.10739989863152559,0.000848407304822997,0.8926001013684745,0.0018508434295654297,0.009407997131347656
R0,thrissur,43,scratch,20000,5390,4556,34070,4150288,0.21819212241428165,0.12245547073791349,0.541926402573899,0.13659401926001014,0.001096551398801014,0.8634059807399899,0.0023713111877441406,0.009407997131347656
R1,dominicamaria,17,pretrained,5000,221,434,41850,4151799,0.01034498899967233,0.00519938830725797,0.3374045801526718,0.005253024648807968,0.00010452207282202131,0.994746975351192,0.00015616416931152344,0.010030508041381836
R1,dominicamaria,17,pretrained,10000,392,705,41679,4151528,0.01816160118606375,0.009164017205909855,0.35733819507748404,0.00931758218250101,0.00016978815976849084,0.990682417817499,0.00026154518127441406,0.010030508041381836
R1,dominicamaria,17,pretrained,15000,299,750,41772,4151483,0.013868274582560297,0.006982555288293127,0.28503336510962823,0.00710703334838725,0.00018062570188137324,0.9928929666516128,0.00025010108947753906,0.010030508041381836
R1,dominicamaria,17,pretrained,20000,286,647,41785,4151586,0.013301088270858524,0.006695069993913573,0.3065380493033226,0.00679803189845737,0.0001558197721563313,0.9932019681015426,0.0002224445343017578,0.010030508041381836
R1,dominicamaria,17,scratch,5000,577,2649,41494,4149584,0.02547630085877652,0.012902504472271915,0.17885926844389335,0.013714910508426232,0.0006379699790450103,0.9862850894915738,0.0007691383361816406,0.010030508041381836
R1,dominicamaria,17,scratch,10000,204,558,41867,4151675,0.009525365956155302,0.0047854746768631684,0.2677165354330709,0.004848945829668893,0.00013438552219974167,0.9951510541703311,0.00018167495727539062,0.010030508041381836
R1,dominicamaria,17,scratch,15000,59,289,42012,4151944,0.0027817723190079915,0.001392823418319169,0.16954022988505746,0.0014023911958356112,6.960110379162249e-05,0.9985976088041644,8.296966552734375e-05,0.010030508041381836
R1,dominicamaria,17,scratch,20000,109,387,41962,4151846,0.005121338125778185,0.002567242922417448,0.21975806451612903,0.002590858310950536,9.320286217078859e-05,0.9974091416890495,0.000118255615234375,0.010030508041381836
R1,dominicamaria,29,pretrained,5000,495,718,41576,4151515,0.022872192958136955,0.011568393746056229,0.40807914262159933,0.011765824439637754,0.00017291900526776797,0.9882341755603622,0.0002892017364501953,0.010030508041381836
R1,dominicamaria,29,pretrained,10000,290,613,41781,4151620,0.01349653278726672,0.006794114890825602,0.3211517165005537,0.006893109267666564,0.00014763140700437571,0.9931068907323335,0.00021529197692871094,0.010030508041381836
R1,dominicamaria,29,pretrained,15000,246,531,41825,4151702,0.011482449589245707,0.005774376789822074,0.3166023166023166,0.00584725820636543,0.00012788299693201224,0.9941527417936346,0.00018525123596191406,0.010030508041381836
R1,dominicamaria,29,pretrained,20000,246,560,41825,4151673,0.011474683396692865,0.005770448734488987,0.3052109181141439,0.00584725820636543,0.000134867190738092,0.9941527417936346,0.00019216537475585938,0.010030508041381836
R1,dominicamaria,29,scratch,5000,124,799,41947,4151434,0.0057682467321021535,0.002892465593655237,0.13434452871072589,0.0029473984454850134,0.0001924265810709563,0.997052601554515,0.0002200603485107422,0.010030508041381836
R1,dominicamaria,29,scratch,10000,199,367,41872,4151866,0.009334615474822337,0.004689193647202978,0.35159010600706714,0.0047300991181574,8.83861767872853e-05,0.9952699008818426,0.00013494491577148438,0.010030508041381836
R1,dominicamaria,29,scratch,15000,226,824,41845,4151409,0.01048213167598154,0.0052686793332556246,0.21523809523809523,0.00537187136031946,0.00019844743780033538,0.9946281286396805,0.0002503395080566406,0.010030508041381836
R1,dominicamaria,29,scratch,20000,198,530,41873,4151703,0.00925255262973434,0.0046477782211685175,0.27197802197802196,0.004706329775855102,0.00012764216266283708,0.9952936702241449,0.0001735687255859375,0.010030508041381836
R1,dominicamaria,43,pretrained,5000,730,5913,41341,4146320,0.02997085026891653,0.015213404468156052,0.10989010989010989,0.0173516198806779,0.0014240530336327465,0.9826483801193221,0.0015838146209716797,0.010030508041381836
R1,dominicamaria,43,pretrained,10000,426,1004,41645,4151229,0.01958575664927243,0.009889727219965177,0.29790209790209793,0.01012573982077916,0.00024179760625186496,0.9898742601792209,0.0003409385681152344,0.010030508041381836
R1,dominicamaria,43,pretrained,15000,278,369,41793,4151864,0.013015590617538274,0.0065504241281809615,0.42967542503863987,0.006607877160038982,8.886784532563562e-05,0.993392122839961,0.00015425682067871094,0.010030508041381836
R1,dominicamaria,43,pretrained,20000,236,305,41835,4151928,0.011076692011639914,0.00556919010760808,0.43622920517560076,0.005609564783342445,7.345445209842511e-05,0.9943904352166576,0.0001289844512939453,0.010030508041381836
R1,dominicamaria,43,scratch,5000,443,5142,41628,4147091,0.018591572939399028,0.009383008917035562,0.079319606087735,0.010529818639918233,0.001238369812098695,0.9894701813600818,0.0013315677642822266,0.010030508041381836
R1,dominicamaria,43,scratch,10000,344,1848,41727,4150385,0.01554345615977227,0.007832600924429063,0.15693430656934307,0.008176653751990682,0.00044506172943570364,0.9918233462480093,0.000522613525390625,0.010030508041381836
R1,dominicamaria,43,scratch,15000,46,161,42025,4152072,0.0021760726619045366,0.0010892214434551999,0.2222222222222222,0.0010933897459057308,3.877431733720145e-05,0.9989066102540942,4.935264587402344e-05,0.010030508041381836
R1,dominicamaria,43,scratch,20000,34,113,42037,4152120,0.0016106873845279264,0.0008059927934761995,0.23129251700680273,0.0008081576382781489,2.7214272416793568e-05,0.9991918423617219,3.504753112792969e-05,0.010030508041381836
R1,italy,17,pretrained,5000,303,3626,33498,4156877,0.016061489530877285,0.008095759745638175,0.07711885976075337,0.008964231827460726,0.0008715292357678867,0.9910357681725392,0.0009367465972900391,0.008058786392211914
R1,italy,17,pretrained,10000,766,3389,33035,4157114,0.040362525028980925,0.0205969346598548,0.18435619735258724,0.022662051418597083,0.0008145649696683309,0.9773379485814029,0.0009906291961669922,0.008058786392211914
R1,italy,17,pretrained,15000,568,2377,33233,4158126,0.03091492951613781,0.015700149261982422,0.19286926994906622,0.01680423656104849,0.0005713251498676963,0.9831957634389515,0.0007021427154541016,0.008058786392211914
R1,italy,17,pretrained,20000,624,2665,33177,4157838,0.033647883526557024,0.01711183019799265,0.18972332015810275,0.01846099227833496,0.0006405475491785489,0.981539007721665,0.0007841587066650391,0.008058786392211914
R1,italy,17,scratch,5000,3204,22021,30597,4138482,0.10856232846542202,0.05739672530543513,0.12701684836471755,0.0947900949676045,0.005292869636195431,0.9052099050323955,0.006014108657836914,0.008058786392211914
R1,italy,17,scratch,10000,683,10686,33118,4149817,0.03024131060438344,0.015352799694292714,0.060075644295892336,0.02020650276619035,0.002568439441096425,0.9797934972338096,0.002710580825805664,0.008058786392211914
R1,italy,17,scratch,15000,376,7551,33425,4152952,0.018021472392638037,0.009092667827432772,0.04743282452377949,0.011123931244637732,0.0018149247819314155,0.9888760687553623,0.001889944076538086,0.008058786392211914
R1,italy,17,scratch,20000,302,6621,33499,4153882,0.014831548963756016,0.007471179060907426,0.04362270691896577,0.008934646903937754,0.0015913941174901208,0.9910653530960623,0.0016505718231201172,0.008058786392211914
R1,italy,29,pretrained,5000,1801,7563,32000,4152940,0.08344723734507124,0.04354027656899719,0.19233233660828705,0.05328244726487382,0.0018178090485693676,0.9467175527351261,0.0022325515747070312,0.008058786392211914
R1,italy,29,pretrained,10000,937,3713,32864,4156790,0.04873735403500559,0.024977341792397505,0.20150537634408602,0.027721073341025415,0.0008924401688930401,0.9722789266589746,0.0011086463928222656,0.008058786392211914
R1,italy,29,pretrained,15000,866,3545,32935,4156958,0.04532607557835235,0.023188561023938306,0.19632736340965767,0.02562054377089435,0.0008520604359617094,0.9743794562291056,0.0010516643524169922,0.008058786392211914
R1,italy,29,pretrained,20000,635,2855,33166,4157648,0.034056474752621274,0.017323221300742035,0.1819484240687679,0.01878642643708766,0.0006862151042794586,0.9812135735629124,0.0008320808410644531,0.008058786392211914
R1,italy,29,scratch,5000,3237,23229,30564,4137274,0.10742197222360496,0.056759600210415574,0.12230786669689413,0.0957663974438626,0.005583219144415952,0.9042336025561374,0.006309986114501953,0.008058786392211914
R1,italy,29,scratch,10000,1059,10812,32742,4149691,0.04637414608512874,0.02373747562369713,0.08920899671468284,0.03133043401082808,0.0025987242407949232,0.9686695659891719,0.0028302669525146484,0.008058786392211914
R1,italy,29,scratch,15000,848,4018,32953,4156485,0.043861690847492696,0.022422591818926994,0.17427044800657623,0.025088015147480845,0.0009657486126076583,0.9749119848525192,0.0011601448059082031,0.008058786392211914
R1,italy,29,scratch,20000,889,3947,32912,4156556,0.046018065584802134,0.02355091660485324,0.18382961124896607,0.026300997011922723,0.0009486833683331078,0.9736990029880773,0.0011529922485351562,0.008058786392211914
R1,italy,43,pretrained,5000,1627,5009,32174,4155494,0.08047085589930014,0.041922185003864985,0.24517781796262808,0.04813467057187657,0.0012039409657918765,0.9518653294281234,0.0015821456909179688,0.008058786392211914
R1,italy,43,pretrained,10000,553,2500,33248,4158003,0.03001031095674825,0.01523374011735214,0.1811333114968883,0.0163604627082039,0.0006008888829067062,0.9836395372917961,0.0007278919219970703,0.008058786392211914
R1,italy,43,pretrained,15000,508,2482,33293,4158021,0.02761544943056726,0.014001047322437505,0.16989966555183947,0.015029141149670128,0.000596562482949778,0.9849708588503299,0.0007128715515136719,0.008058786392211914
R1,italy,43,pretrained,20000,538,2345,33263,4158158,0.029331588703521972,0.014884081226138438,0.18661116892126256,0.01591668885535931,0.0005636337721664905,0.9840833111446406,0.0006873607635498047,0.008058786392211914
R1,italy,43,scratch,5000,3796,30123,30005,4130380,0.11210868281157708,0.05938301733308304,0.11191367670037441,0.11230436969320434,0.007240230327919484,0.8876956303067957,0.008086919784545898,0.008058786392211914
R1,italy,43,scratch,10000,224,3237,33577,4157266,0.012022972465246095,0.0060478427560883416,0.06472117885004335,0.0066270228691458835,0.0007780309255876033,0.9933729771308542,0.0008251667022705078,0.008058786392211914
R1,italy,43,scratch,15000,119,2584,33682,4157919,0.006519833442910366,0.0032705785351106226,0.0440251572327044,0.0035206058992337504,0.0006210787493723716,0.9964793941007662,0.0006444454193115234,0.008058786392211914
R1,italy,43,scratch,20000,237,3340,33564,4157163,0.01268125635400503,0.00638108828518349,0.06625663964215824,0.007011626874944528,0.0008027875475633596,0.9929883731250555,0.0008528232574462891,0.008058786392211914
R1,hiroshima,17,pretrained,5000,5101,5091,28198,4155914,0.23457726886022395,0.13287314404792916,0.5004905808477237,0.15318778341691944,0.0012235024951904648,0.8468122165830806,0.002429962158203125,0.00793910026550293
R1,hiroshima,17,pretrained,10000,4477,4485,28822,4156520,0.2118738316651286,0.11848930764344696,0.49955367105556797,0.1344484819363945,0.0010778646024217707,0.8655515180636055,0.002136707305908203,0.00793910026550293
R1,hiroshima,17,pretrained,15000,4010,3613,29289,4157392,0.19598260104589219,0.10863675769397486,0.5260396169487078,0.12042403675786059,0.0008682998458305145,0.8795759632421394,0.001817464828491211,0.00793910026550293
R1,hiroshima,17,pretrained,20000,3853,3235,29446,4157770,0.19080397157501175,0.10546340395248262,0.5435948081264108,0.11570918045586955,0.0007774564077668736,0.8842908195441305,0.001689910888671875,0.00793910026550293
R1,hiroshima,17,scratch,5000,15706,49089,17593,4111916,0.32022345913103756,0.19063455843083943,0.24239524654680145,0.47166581579026395,0.011797390293931394,0.528334184209736,0.015448331832885742,0.00793910026550293
R1,hiroshima,17,scratch,10000,6388,6793,26911,4154212,0.2748709122203098,0.1593335328743889,0.48463697746756695,0.1918375927205021,0.0016325382930325726,0.8081624072794978,0.0031425952911376953,0.00793910026550293
R1,hiroshima,17,scratch,15000,5564,5485,27735,4155520,0.25092450617840717,0.1434612211221122,0.5035749841614626,0.16709210486801404,0.0013181911581456884,0.8329078951319859,0.002634286880493164,0.00793910026550293
R1,hiroshima,17,scratch,20000,4884,4379,28415,4156626,0.22950049339786663,0.1296247146876161,0.5272589873691029,0.14667107120333944,0.0010523899875150354,0.8533289287966606,0.0022084712982177734,0.00793910026550293
R1,hiroshima,29,pretrained,5000,2701,2143,30598,4158862,0.14162493773431561,0.07620901754979967,0.5575970272502064,0.08111354695336197,0.0005150198089163556,0.9188864530466381,0.0011548995971679688,0.00793910026550293
R1,hiroshima,29,pretrained,10000,3287,2964,30012,4158041,0.16621997471554995,0.09064335548630836,0.5258358662613982,0.09871167302321392,0.000712327911165692,0.9012883269767861,0.0014903545379638672,0.00793910026550293
R1,hiroshima,29,pretrained,15000,4009,3646,29290,4157359,0.19578063192850514,0.10851265394505345,0.5237099934683214,0.12039400582600078,0.0008762306221694038,0.8796059941739992,0.001825094223022461,0.00793910026550293
R1,hiroshima,29,pretrained,20000,3242,2760,30057,4158245,0.164983079310959,0.08990820599572923,0.5401532822392536,0.0973602810895222,0.0006633012937980128,0.9026397189104778,0.0014309883117675781,0.00793910026550293
R1,hiroshima,29,scratch,5000,8222,11628,25077,4149377,0.3093943442021487,0.18300799074053464,0.4142065491183879,0.24691432175140396,0.0027945171899577148,0.7530856782485961,0.004732608795166016,0.00793910026550293
R1,hiroshima,29,scratch,10000,8202,9261,25097,4151744,0.32315511603167724,0.19271616541353384,0.4696787493557808,0.24631370311420764,0.0022256642325592015,0.7536862968857924,0.004163503646850586,0.00793910026550293
R1,hiroshima,29,scratch,15000,8227,8090,25072,4152915,0.3316268945501451,0.1987726207446423,0.5041980756266471,0.24706447641070303,0.0019442418358064939,0.7529355235892969,0.0038902759552001953,0.00793910026550293
R1,hiroshima,29,scratch,20000,7157,7738,26142,4153267,0.2970079262978794,0.17440358700684747,0.4804968110104062,0.21493137932070033,0.001859646888191675,0.7850686206792997,0.0035512447357177734,0.00793910026550293
R1,hiroshima,43,pretrained,5000,5854,7271,27445,4153734,0.25219713941064964,0.1442938131624353,0.4460190476190476,0.1758010751073606,0.0017474143866686052,0.8241989248926395,0.003129243850708008,0.00793910026550293
R1,hiroshima,43,pretrained,10000,2198,2063,31101,4158942,0.11703940362087327,0.06215711781007861,0.5158413517953532,0.06600798822787471,0.0004957936844584421,0.9339920117721253,0.0010159015655517578,0.00793910026550293
R1,hiroshima,43,pretrained,15000,3547,3425,29752,4157580,0.1761565394452584,0.09658533928765929,0.5087492828456683,0.10651971530676597,0.000823118453354418,0.893480284693234,0.0016622543334960938,0.00793910026550293
R1,hiroshima,43,pretrained,20000,3199,2704,30100,4158301,0.163205958879649,0.08885370663555815,0.5419278333050991,0.09606895101955014,0.0006498430066774733,0.9039310489804498,0.0014073848724365234,0.00793910026550293
R1,hiroshima,43,scratch,5000,9087,10436,24212,4150569,0.3440611866267843,0.20777409397507718,0.46545100650514776,0.27289107781014443,0.002508047935534805,0.7271089221898556,0.004654645919799805,0.00793910026550293
R1,hiroshima,43,scratch,10000,9057,11962,24242,4149043,0.33348061416105157,0.20010605156757474,0.43089585613016795,0.27199014985435,0.002874786259569503,0.72800985014565,0.005011320114135742,0.00793910026550293
R1,hiroshima,43,scratch,15000,6006,6328,27293,4154677,0.2632305568338702,0.15156332803391626,0.4869466515323496,0.18036577675005255,0.001520786444620951,0.8196342232499474,0.002940654754638672,0.00793910026550293
R1,hiroshima,43,scratch,20000,6230,6508,27069,4154497,0.27065186697656235,0.15650513728741175,0.489087768880515,0.18709270548665125,0.0015640452246512562,0.8129072945133488,0.003036975860595703,0.00793910026550293
R1,hokkaido,17,pretrained,5000,18508,15276,243235,3917285,0.1252542068914177,0.06681130175186539,0.5478332938669193,0.0707105825179661,0.0038844915565200387,0.9292894174820339,0.008054733276367188,0.06240439414978027
R1,hokkaido,17,pretrained,10000,38135,33001,223608,3899560,0.22912229368629441,0.12938346497299352,0.5360858074673864,0.14569635100079084,0.00839173251222295,0.8543036489992092,0.01696014404296875,0.06240439414978027
R1,hokkaido,17,pretrained,15000,18924,19445,242819,3913116,0.1261129178440049,0.06730016928176166,0.4932106648596523,0.07229992779176521,0.004944614972278879,0.9277000722082348,0.009147882461547852,0.06240439414978027
R1,hokkaido,17,pretrained,20000,16433,18955,245310,3913606,0.11061114457932697,0.05854334551724629,0.4643664519046004,0.06278295885658833,0.004820014234998516,0.9372170411434116,0.008437156677246094,0.06240439414978027
R1,hokkaido,17,scratch,5000,113493,215680,148250,3716881,0.384125662530715,0.23772000929992898,0.3447822269748734,0.4336047191328899,0.0548446673808747,0.5663952808671101,0.07848095893859863,0.06240439414978027
R1,hokkaido,17,scratch,10000,90909,105072,170834,3827489,0.3972219066511697,0.24783337649768958,0.46386639521178075,0.3473216093649114,0.026718466668412773,0.6526783906350886,0.04672551155090332,0.06240439414978027
R1,hokkaido,17,scratch,15000,71166,92840,190577,3839721,0.3343096519310674,0.20070336141326572,0.4339231491530798,0.2718926580653542,0.02360802540634462,0.7281073419346458,0.03910207748413086,0.06240439414978027
R1,hokkaido,17,scratch,20000,54694,59009,207049,3873552,0.29135481533962276,0.17051803262333518,0.481025126865606,0.2089606980893472,0.01500523450240187,0.7910393019106529,0.02710890769958496,0.06240439414978027
R1,hokkaido,29,pretrained,5000,11495,13835,250248,3918726,0.08008415977817489,0.04171232827003607,0.4538097118041848,0.043917124813271036,0.003518063674028197,0.956082875186729,0.006039142608642578,0.06240439414978027
R1,hokkaido,29,pretrained,10000,21351,30414,240392,3902147,0.1362070505377853,0.07308056969369209,0.4124601564763837,0.08157238206943453,0.007733891476826424,0.9184276179305655,0.012341737747192383,0.06240439414978027
R1,hokkaido,29,pretrained,15000,16024,24749,245719,3907812,0.10593819831017202,0.055931753766248274,0.3930051749932553,0.06122035737345411,0.006293354381534069,0.9387796426265459,0.009721040725708008,0.06240439414978027
R1,hokkaido,29,pretrained,20000,15959,25445,245784,3907116,0.10528885326260858,0.05556987060740699,0.38544585064245,0.060972022174423005,0.006470338285915971,0.939027977825577,0.009871482849121094,0.06240439414978027
R1,hokkaido,29,scratch,5000,147997,486875,113746,3445686,0.3301238547202534,0.19769361677117034,0.2331131314658703,0.5654286838616506,0.12380608972117661,0.43457131613834943,0.1513652801513672,0.06240439414978027
R1,hokkaido,29,scratch,10000,60999,55717,200744,3876844,0.32235460115891024,0.19214704214704215,0.5226275746255868,0.2330492123953649,0.014168120977652986,0.7669507876046351,0.02782726287841797,0.06240439414978027
R1,hokkaido,29,scratch,15000,46576,39159,215167,3893402,0.26808028134155254,0.1547879376009465,0.5432553799498454,0.17794554200112325,0.009957633206452488,0.8220544579988768,0.02044081687927246,0.06240439414978027
R1,hokkaido,29,scratch,20000,46051,53910,215692,3878651,0.25463362307300996,0.1458912159871758,0.46068966897089864,0.17593975770125658,0.01370862397302928,0.8240602422987434,0.02383255958557129,0.06240439414978027
R1,hokkaido,43,pretrained,5000,35055,34585,226688,3897976,0.2115678836874553,0.11829796711751843,0.5033744974152786,0.13392908310823975,0.008794523467023143,0.8660709168917602,0.016603469848632812,0.06240439414978027
R1,hokkaido,43,pretrained,10000,40832,40025,220911,3892536,0.2383654407472271,0.13530924418758783,0.5049902915022818,0.15600035148982017,0.010177845938054108,0.8439996485101798,0.01927781105041504,0.06240439414978027
R1,hokkaido,43,pretrained,15000,36292,33126,225451,3899435,0.21918039865805455,0.12307838396033492,0.5228038837189202,0.13865509297287798,0.008423518414590391,0.8613449070271221,0.016550540924072266,0.06240439414978027
R1,hokkaido,43,pretrained,20000,28356,25807,233387,3906754,0.1795217564718619,0.09861241523213354,0.5235308236249838,0.10833527544194115,0.006562390259172077,0.8916647245580589,0.01291346549987793,0.06240439414978027
R1,hokkaido,43,scratch,5000,138111,259745,123632,3672816,0.4187726179087597,0.2648402264289878,0.34713816054049706,0.5276588103597804,0.06604983368344446,0.4723411896402196,0.09485626220703125,0.06240439414978027
R1,hokkaido,43,scratch,10000,63051,71046,198692,3861515,0.3185681083265966,0.18946239208627688,0.4701894896977561,0.2408889636017009,0.01806608975677682,0.7591110363982991,0.03197121620178223,0.06240439414978027
R1,hokkaido,43,scratch,15000,72205,73212,189538,3859349,0.35467629433146675,0.21556627009598303,0.49653754375348136,0.2758622007083284,0.01861687587299981,0.7241377992916715,0.034670114517211914,0.06240439414978027
R1,hokkaido,43,scratch,20000,60628,57903,201115,3874658,0.31886481852558946,0.18967232500954181,0.5114948831951135,0.2316317914901258,0.014723992838254766,0.7683682085098742,0.028259992599487305,0.06240439414978027
R1,thrissur,17,pretrained,5000,3559,3665,35901,4151179,0.1524719389940879,0.08252753623188405,0.49266334440753046,0.09019260010136848,0.0008821029140925628,0.9098073998986316,0.0017223358154296875,0.009407997131347656
R1,thrissur,17,pretrained,10000,3776,3182,35684,4151662,0.16269550605368607,0.08855119365883402,0.5426846795056051,0.09569183983781045,0.0007658530621125607,0.9043081601621895,0.0016589164733886719,0.009407997131347656
R1,thrissur,17,pretrained,15000,3956,3981,35504,4150863,0.16693039643859317,0.09106604359936465,0.4984250976439461,0.10025342118601115,0.00095815871787244,0.8997465788139889,0.0018923282623291016,0.009407997131347656
R1,thrissur,17,pretrained,20000,3906,4020,35554,4150824,0.164858819060482,0.08983440662373506,0.4928084784254353,0.0989863152559554,0.0009675453518832476,0.9010136847440446,0.0018897056579589844,0.009407997131347656
R1,thrissur,17,scratch,5000,11801,18381,27659,4136463,0.33890468395508455,0.20402482668003666,0.3909946325624544,0.29906234161175876,0.0044239928141706405,0.7009376583882413,0.007195949554443359,0.009407997131347656
R1,thrissur,17,scratch,10000,8767,14183,30693,4140661,0.2809485659349463,0.16343232108569616,0.38200435729847493,0.22217435377597566,0.0034136059019303734,0.7778256462240243,0.005471706390380859,0.009407997131347656
R1,thrissur,17,scratch,15000,7015,9854,32445,4144990,0.24907241385432016,0.14225169323113113,0.41585156203687235,0.1777749619868221,0.002371689526730727,0.8222250380131779,0.004021883010864258,0.009407997131347656
R1,thrissur,17,scratch,20000,7126,11308,32334,4143536,0.24617404221508274,0.14036400882445635,0.38656829771075185,0.18058793715154586,0.0027216424972875035,0.8194120628484541,0.004395008087158203,0.009407997131347656
R1,thrissur,29,pretrained,5000,4070,3063,35390,4151781,0.17470435473139742,0.09571290830844484,0.5705874106266648,0.10314242270653827,0.0007372117942334297,0.8968575772934617,0.0017006397247314453,0.009407997131347656
R1,thrissur,29,pretrained,10000,3051,3127,36409,4151717,0.13370436916604583,0.07164158076408293,0.49384914211719005,0.07731880385200203,0.0007526155013280884,0.9226811961479979,0.0014729499816894531,0.009407997131347656
R1,thrissur,29,pretrained,15000,3714,4036,35746,4150808,0.1573395467062063,0.08538716203788854,0.4792258064516129,0.09412062848454131,0.0009713962786569122,0.9058793715154587,0.0018477439880371094,0.009407997131347656
R1,thrissur,29,pretrained,20000,3068,2971,36392,4151873,0.1348601068155344,0.07230562560392166,0.5080311309819506,0.07774961986822099,0.0007150689652848578,0.9222503801317791,0.001439809799194336,0.009407997131347656
R1,thrissur,29,scratch,5000,5536,4409,33924,4150435,0.22410687177411193,0.1261938954614876,0.5566616390145802,0.14029396857577295,0.0010611710090679698,0.8597060314242271,0.002371072769165039,0.009407997131347656
R1,thrissur,29,scratch,10000,9053,9960,30407,4144884,0.3096471875908539,0.1831849453662485,0.47614789880608005,0.22942219969589459,0.002397201916606255,0.7705778003041054,0.004533052444458008,0.009407997131347656
R1,thrissur,29,scratch,15000,8817,13207,30643,4141637,0.2868063235963828,0.16741033284599466,0.4003359970940792,0.22344145970603144,0.0031786993687368285,0.7765585402939685,0.0052509307861328125,0.009407997131347656
R1,thrissur,29,scratch,20000,7301,8761,32159,4146083,0.2629948488887288,0.1514070633126646,0.45455111443157764,0.185022807906741,0.002108623091504759,0.814977192093259,0.003829479217529297,0.009407997131347656
R1,thrissur,43,pretrained,5000,3129,2875,36331,4151969,0.13764736934717578,0.07391047596551317,0.5211525649566955,0.079295489102889,0.0006919634046428699,0.920704510897111,0.0014314651489257812,0.009407997131347656
R1,thrissur,43,pretrained,10000,3922,4244,35538,4150600,0.1646999538067442,0.08974006955885044,0.48028410482488365,0.09939178915357325,0.001021458326714553,0.9006082108464267,0.0019469261169433594,0.009407997131347656
R1,thrissur,43,pretrained,15000,3273,3471,36187,4151373,0.14167604536403774,0.07623861545270318,0.4853202846975089,0.08294475418144957,0.0008354104269618787,0.9170552458185505,0.0016078948974609375,0.009407997131347656
R1,thrissur,43,pretrained,20000,3341,3262,36119,4151582,0.1450621974252654,0.0782032676372829,0.5059821293351507,0.08466801824632539,0.000785107695980884,0.9153319817536746,0.0015742778778076172,0.009407997131347656
R1,thrissur,43,scratch,5000,14909,25409,24551,4129435,0.373762190077465,0.2298324315158242,0.36978520759958333,0.3778256462240243,0.006115512399502846,0.6221743537759756,0.009612560272216797,0.009407997131347656
R1,thrissur,43,scratch,10000,8668,10029,30792,4144815,0.29808965386797803,0.1751500333407424,0.46360378670374924,0.21966548403446529,0.002413809038317684,0.7803345159655347,0.004457712173461914,0.009407997131347656
R1,thrissur,43,scratch,15000,5608,11238,33852,4143606,0.19919724363300537,0.11061580338474891,0.3328980173334916,0.14211860111505323,0.0027047946926527207,0.8578813988849467,0.004016399383544922,0.009407997131347656
R1,thrissur,43,scratch,20000,6379,15173,33081,4139671,0.20910640529731855,0.11676093203741328,0.29598181143281366,0.1616573745565129,0.0036518819960508746,0.838342625443487,0.005138397216796875,0.009407997131347656
