delivery_table,original_file,fields,selection,transformation,units,rows,source_sha256
S2_outer_all_region_seed_endpoints.csv,37_s05g_return_audit/PAIRED_GAINS.csv,recipe; endpoint; region; seed; pretrained_f1; scratch_f1; gain,Every original row,Byte-exact copy; no calculation,"Original fractions, counts, and identifiers",165,524de522d77b699299323ba079a7f74544c257799c688f4131a2512d47651070
S3_outer_region_all_endpoints.csv,37_s05g_return_audit/REGION_SUMMARY.csv,recipe; endpoint; region; pretrained_f1; scratch_f1; gain; positive_seed_pairs,Every original row,Byte-exact copy; no calculation,"Original fractions, counts, and identifiers",55,def1f5933e67a9817d3fb5f0b7228066bcd7fbdac18f1afd1527d100604b0791
S4_outer_macro_all_endpoints.csv,37_s05g_return_audit/MACRO_TRAJECTORY.csv,recipe; endpoint; pretrained_f1; scratch_f1; gain; negative_regions,Every original row,Byte-exact copy; no calculation,"Original fractions, counts, and identifiers",11,e0162c24ce051005f070630497c597e0e3b2036879851a2d33e1dfde84e4b19a
S5_source_all_fold_seed_arm_endpoints.csv,37_s05g_return_audit/SOURCE_METRICS.csv,recipe; region; seed; arm; step; role; region_macro_f1,Every original row,Byte-exact copy; no calculation,"Original fractions, counts, and identifiers",480,55be9f99e6d055f4d5663d83d28ea9beb2b6792c31eff10a71c85f356e6f7570
S6_source_recipe_choices.csv,37_s05g_return_audit/SOURCE_RECIPE_CHOICES.csv,run_id; region; seed; arm; selected_recipe; R0_inner_f1; R1_inner_f1; R0_outer_f1; R1_outer_f1,Every original row,Byte-exact copy; no calculation,"Original fractions, counts, and identifiers",30,089e99334deddb2dc3193b5926846981c33acbdb82c0d2c47dec820c3f845dd8
S7_matched_support_all_regions.csv,37_s05g_return_audit/DIAGNOSTIC_SUMMARY.csv,recipe; step; region; matched_tiles; matched_positive_pixels; complement_positive_pixels; covered_pretrained_f1; covered_scratch_f1; covered_gain; matched_pretrained_f1; matched_scratch_f1; matched_gain; full_pretrained_f1; full_scratch_f1; full_gain; complement_pretrained_f1; complement_scratch_f1; complement_gain; matched_minus_covered_gain,Every original row,Byte-exact copy; no calculation,"Original fractions, counts, and identifiers",40,e62f7cfef04e6a27dcbc9d1dbb0992fca2b7725a1a75487830c5029b12ebb0bd
S8_matched_support_all_region_seeds.csv,37_s05g_return_audit/DIAGNOSTIC_BY_SEED.csv,recipe; step; region; seed; matched_tiles; matched_positive_pixels; complement_positive_pixels; covered_pretrained_f1; covered_scratch_f1; covered_gain; matched_pretrained_f1; matched_scratch_f1; matched_gain; full_pretrained_f1; full_scratch_f1; full_gain; complement_pretrained_f1; complement_scratch_f1; complement_gain; matched_minus_covered_gain,Every original row,Byte-exact copy; no calculation,"Original fractions, counts, and identifiers",120,47d719616b92788f0f2ac7d657eb680a5ca1dc5798cb4cf26ab629cf55aa5346
S9_outer_all_counts_and_metrics.csv,37_s05g_return_audit/OUTER_METRICS.csv,recipe; region; seed; arm; step; tp; fp; fn; tn; f1; iou; precision; recall; fpr; fnr; predicted_positive_fraction; reference_positive_fraction,Every original row,Byte-exact copy; no calculation,"Original fractions, counts, and identifiers",240,e9ffba6c8cf38fe8a2fa4f195f66ee44c0a91aa6f07e5c0124d9412424bbdd36
S10_formal_run_inventory.csv,37_s05g_return_audit/RUN_INVENTORY.csv,run_id; region; seed; arm; status; successful_updates; skipped_updates; selected_checkpoint; source_fit_sha256; decoder_sha256; encoder_sha256; wall_seconds_20k,Every original row,Byte-exact copy; no calculation,"Original fractions, counts, and identifiers",30,f07b8e539d08025737738b001556c4304d0bfc68946723084580c3bd9a6aed27
Table1_primary_endpoints.csv,37_s05g_return_audit/FINAL_ANALYSIS.md,primary; inner_train_macro_20k; ci; selected-inner paragraph,Three primary procedures,Stored fields and display-unit conversion; selected source scores quoted independently at report precision,F1 percent; stored G percentage points; design counts unchanged,3,qa/SOURCE_BASELINE.json
Table2_region_results.csv,37_s05g_return_audit/REGION_SUMMARY.csv,recipe; endpoint; region; pretrained_f1; scratch_f1; gain; positive_seed_pairs,All recipes at endpoint=20000,Stored fields and display-unit conversion; selected source scores quoted independently at report precision,F1 percent; stored G percentage points; design counts unchanged,15,qa/SOURCE_BASELINE.json
S1_cache_and_fold_design.csv,27_s05f_loro_design/FOLD_SUMMARY.json,region; total; positive_tiles; positive_pixels; outer_blocks_5120m; train; inner_validation; excluded; positive_weight,All five region/fold records,Stored fields and display-unit conversion; selected source scores quoted independently at report precision,F1 percent; stored G percentage points; design counts unchanged,5,qa/SOURCE_BASELINE.json
S11_seed_macro_gains.csv,37_s05g_return_audit/ANALYSIS_RESULTS.json,seed_macro,Every recipe and seed,Stored fields and display-unit conversion; selected source scores quoted independently at report precision,F1 percent; stored G percentage points; design counts unchanged,9,qa/SOURCE_BASELINE.json
