recipe,region,pretrained_f1_percent,scratch_f1_percent,gain_pp,positive_seed_pairs
R0,dominicamaria,2.7372722929471616,0.22038503662260867,2.516887256324553,3
R0,italy,6.31214598108873,8.272908978656098,-1.9607629975673664,1
R0,hiroshima,11.981721754946403,25.364645991183295,-13.38292423623689,0
R0,hokkaido,19.81929151405687,28.378932919096687,-8.559641405039818,0
R0,thrissur,21.146037280471756,19.471394588930124,1.6746426915416324,2
R1,dominicamaria,1.1950821226397101,0.5328192713346818,0.6622628513050284,3
R1,italy,3.234531566090009,2.4510290300854396,0.7835025360045695,2
R1,hiroshima,17.299766992187326,26.572009555743612,-9.272242563556288,0
R1,hokkaido,13.180725143793248,28.82844189794074,-15.647716754147492,0
R1,thrissur,14.82603744337606,23.942509880037672,-9.11647243666161,0
source_selected,dominicamaria,2.7372722929471616,0.21115333849033086,2.5261189544568308,3
source_selected,italy,3.234531566090009,8.272908978656098,-5.0383774125660885,0
source_selected,hiroshima,17.299766992187326,26.31408694287711,-9.014319950689785,0
source_selected,hokkaido,14.881821885013919,28.378932919096687,-13.49711103408277,0
source_selected,thrissur,15.890069759737935,19.471394588930124,-3.5813248291921895,0
