run_id,held_out,seed,arm,gpu_within_pair,primary_step,fold_sha256,fit_sha256,initialization,status
S05F/dominicamaria/seed17/pretrained,dominicamaria,17,pretrained,0,20000,1ca468407edfe927b750c3d40fc2c70461892bfda2802d45ed307501b2779c73,3fea934bdf142a841e0092892e07b1da832769eb653f4e5309651ba3858dc8a4,official_encoder_only,PLANNED_NOT_RUN
S05F/dominicamaria/seed17/scratch,dominicamaria,17,scratch,1,20000,1ca468407edfe927b750c3d40fc2c70461892bfda2802d45ed307501b2779c73,3fea934bdf142a841e0092892e07b1da832769eb653f4e5309651ba3858dc8a4,scratch_seeded,PLANNED_NOT_RUN
S05F/dominicamaria/seed29/pretrained,dominicamaria,29,pretrained,0,20000,1ca468407edfe927b750c3d40fc2c70461892bfda2802d45ed307501b2779c73,3fea934bdf142a841e0092892e07b1da832769eb653f4e5309651ba3858dc8a4,official_encoder_only,PLANNED_NOT_RUN
S05F/dominicamaria/seed29/scratch,dominicamaria,29,scratch,1,20000,1ca468407edfe927b750c3d40fc2c70461892bfda2802d45ed307501b2779c73,3fea934bdf142a841e0092892e07b1da832769eb653f4e5309651ba3858dc8a4,scratch_seeded,PLANNED_NOT_RUN
S05F/dominicamaria/seed43/pretrained,dominicamaria,43,pretrained,0,20000,1ca468407edfe927b750c3d40fc2c70461892bfda2802d45ed307501b2779c73,3fea934bdf142a841e0092892e07b1da832769eb653f4e5309651ba3858dc8a4,official_encoder_only,PLANNED_NOT_RUN
S05F/dominicamaria/seed43/scratch,dominicamaria,43,scratch,1,20000,1ca468407edfe927b750c3d40fc2c70461892bfda2802d45ed307501b2779c73,3fea934bdf142a841e0092892e07b1da832769eb653f4e5309651ba3858dc8a4,scratch_seeded,PLANNED_NOT_RUN
S05F/italy/seed17/pretrained,italy,17,pretrained,0,20000,9745788c81ef9fa821a5f426a62692e65b5dd7b57b4462761fb620cfb40e4709,7a91716e1fb995ff84666c0a0b734881801a4259f2b652fdcb82adfd7867ed4c,official_encoder_only,PLANNED_NOT_RUN
S05F/italy/seed17/scratch,italy,17,scratch,1,20000,9745788c81ef9fa821a5f426a62692e65b5dd7b57b4462761fb620cfb40e4709,7a91716e1fb995ff84666c0a0b734881801a4259f2b652fdcb82adfd7867ed4c,scratch_seeded,PLANNED_NOT_RUN
S05F/italy/seed29/pretrained,italy,29,pretrained,0,20000,9745788c81ef9fa821a5f426a62692e65b5dd7b57b4462761fb620cfb40e4709,7a91716e1fb995ff84666c0a0b734881801a4259f2b652fdcb82adfd7867ed4c,official_encoder_only,PLANNED_NOT_RUN
S05F/italy/seed29/scratch,italy,29,scratch,1,20000,9745788c81ef9fa821a5f426a62692e65b5dd7b57b4462761fb620cfb40e4709,7a91716e1fb995ff84666c0a0b734881801a4259f2b652fdcb82adfd7867ed4c,scratch_seeded,PLANNED_NOT_RUN
S05F/italy/seed43/pretrained,italy,43,pretrained,0,20000,9745788c81ef9fa821a5f426a62692e65b5dd7b57b4462761fb620cfb40e4709,7a91716e1fb995ff84666c0a0b734881801a4259f2b652fdcb82adfd7867ed4c,official_encoder_only,PLANNED_NOT_RUN
S05F/italy/seed43/scratch,italy,43,scratch,1,20000,9745788c81ef9fa821a5f426a62692e65b5dd7b57b4462761fb620cfb40e4709,7a91716e1fb995ff84666c0a0b734881801a4259f2b652fdcb82adfd7867ed4c,scratch_seeded,PLANNED_NOT_RUN
S05F/hiroshima/seed17/pretrained,hiroshima,17,pretrained,0,20000,654841674f9c4339ef2b9d21af031bc0bc749645fab47140a6c1a957f8c6d03b,3f30dfe84c6593bee5eb367f7d7e62d773e32d70fb573a3f74266ccd7d66269d,official_encoder_only,PLANNED_NOT_RUN
S05F/hiroshima/seed17/scratch,hiroshima,17,scratch,1,20000,654841674f9c4339ef2b9d21af031bc0bc749645fab47140a6c1a957f8c6d03b,3f30dfe84c6593bee5eb367f7d7e62d773e32d70fb573a3f74266ccd7d66269d,scratch_seeded,PLANNED_NOT_RUN
S05F/hiroshima/seed29/pretrained,hiroshima,29,pretrained,0,20000,654841674f9c4339ef2b9d21af031bc0bc749645fab47140a6c1a957f8c6d03b,3f30dfe84c6593bee5eb367f7d7e62d773e32d70fb573a3f74266ccd7d66269d,official_encoder_only,PLANNED_NOT_RUN
S05F/hiroshima/seed29/scratch,hiroshima,29,scratch,1,20000,654841674f9c4339ef2b9d21af031bc0bc749645fab47140a6c1a957f8c6d03b,3f30dfe84c6593bee5eb367f7d7e62d773e32d70fb573a3f74266ccd7d66269d,scratch_seeded,PLANNED_NOT_RUN
S05F/hiroshima/seed43/pretrained,hiroshima,43,pretrained,0,20000,654841674f9c4339ef2b9d21af031bc0bc749645fab47140a6c1a957f8c6d03b,3f30dfe84c6593bee5eb367f7d7e62d773e32d70fb573a3f74266ccd7d66269d,official_encoder_only,PLANNED_NOT_RUN
S05F/hiroshima/seed43/scratch,hiroshima,43,scratch,1,20000,654841674f9c4339ef2b9d21af031bc0bc749645fab47140a6c1a957f8c6d03b,3f30dfe84c6593bee5eb367f7d7e62d773e32d70fb573a3f74266ccd7d66269d,scratch_seeded,PLANNED_NOT_RUN
S05F/hokkaido/seed17/pretrained,hokkaido,17,pretrained,0,20000,4c024f9e5c21bdf88cb3b6b415608c700a66f57bb398e89370a3b240ad641861,beb1c64c39d9771e4a6375a6cd78fd537d8b5e48d95a8a2cc4fb77c9a0977a04,official_encoder_only,PLANNED_NOT_RUN
S05F/hokkaido/seed17/scratch,hokkaido,17,scratch,1,20000,4c024f9e5c21bdf88cb3b6b415608c700a66f57bb398e89370a3b240ad641861,beb1c64c39d9771e4a6375a6cd78fd537d8b5e48d95a8a2cc4fb77c9a0977a04,scratch_seeded,PLANNED_NOT_RUN
S05F/hokkaido/seed29/pretrained,hokkaido,29,pretrained,0,20000,4c024f9e5c21bdf88cb3b6b415608c700a66f57bb398e89370a3b240ad641861,beb1c64c39d9771e4a6375a6cd78fd537d8b5e48d95a8a2cc4fb77c9a0977a04,official_encoder_only,PLANNED_NOT_RUN
S05F/hokkaido/seed29/scratch,hokkaido,29,scratch,1,20000,4c024f9e5c21bdf88cb3b6b415608c700a66f57bb398e89370a3b240ad641861,beb1c64c39d9771e4a6375a6cd78fd537d8b5e48d95a8a2cc4fb77c9a0977a04,scratch_seeded,PLANNED_NOT_RUN
S05F/hokkaido/seed43/pretrained,hokkaido,43,pretrained,0,20000,4c024f9e5c21bdf88cb3b6b415608c700a66f57bb398e89370a3b240ad641861,beb1c64c39d9771e4a6375a6cd78fd537d8b5e48d95a8a2cc4fb77c9a0977a04,official_encoder_only,PLANNED_NOT_RUN
S05F/hokkaido/seed43/scratch,hokkaido,43,scratch,1,20000,4c024f9e5c21bdf88cb3b6b415608c700a66f57bb398e89370a3b240ad641861,beb1c64c39d9771e4a6375a6cd78fd537d8b5e48d95a8a2cc4fb77c9a0977a04,scratch_seeded,PLANNED_NOT_RUN
S05F/thrissur/seed17/pretrained,thrissur,17,pretrained,0,20000,7303a1315f9ae075e3d4d3e8d36f3c92567106d0e5e4db83fffa5e207c72a866,df750ea033d0b2213046a1fe09623486cf1c009b23bb1e59bbc1adf59ca48ac8,official_encoder_only,PLANNED_NOT_RUN
S05F/thrissur/seed17/scratch,thrissur,17,scratch,1,20000,7303a1315f9ae075e3d4d3e8d36f3c92567106d0e5e4db83fffa5e207c72a866,df750ea033d0b2213046a1fe09623486cf1c009b23bb1e59bbc1adf59ca48ac8,scratch_seeded,PLANNED_NOT_RUN
S05F/thrissur/seed29/pretrained,thrissur,29,pretrained,0,20000,7303a1315f9ae075e3d4d3e8d36f3c92567106d0e5e4db83fffa5e207c72a866,df750ea033d0b2213046a1fe09623486cf1c009b23bb1e59bbc1adf59ca48ac8,official_encoder_only,PLANNED_NOT_RUN
S05F/thrissur/seed29/scratch,thrissur,29,scratch,1,20000,7303a1315f9ae075e3d4d3e8d36f3c92567106d0e5e4db83fffa5e207c72a866,df750ea033d0b2213046a1fe09623486cf1c009b23bb1e59bbc1adf59ca48ac8,scratch_seeded,PLANNED_NOT_RUN
S05F/thrissur/seed43/pretrained,thrissur,43,pretrained,0,20000,7303a1315f9ae075e3d4d3e8d36f3c92567106d0e5e4db83fffa5e207c72a866,df750ea033d0b2213046a1fe09623486cf1c009b23bb1e59bbc1adf59ca48ac8,official_encoder_only,PLANNED_NOT_RUN
S05F/thrissur/seed43/scratch,thrissur,43,scratch,1,20000,7303a1315f9ae075e3d4d3e8d36f3c92567106d0e5e4db83fffa5e207c72a866,df750ea033d0b2213046a1fe09623486cf1c009b23bb1e59bbc1adf59ca48ac8,scratch_seeded,PLANNED_NOT_RUN
